HJD,UT Date,Camera,FWHM,Limit,mag,mag_err,flux(mJy),flux_err,Filter
2459513.57172,2021-10-26.0746063,bq,1.54,16.667,14.592,0.032,5.285,0.157,g
2459513.57294,2021-10-26.0758354,bq,1.49,16.594,14.565,0.034,5.420,0.168,g
2459513.57418,2021-10-26.0770783,bq,1.51,16.681,14.547,0.031,5.508,0.155,g
2459516.56163,2021-10-29.0647425,bq,1.59,16.704,14.618,0.032,5.160,0.152,g
2459516.56287,2021-10-29.0659811,bq,1.50,16.663,14.541,0.031,5.542,0.158,g
2459516.56411,2021-10-29.0672274,bq,1.51,16.620,14.622,0.035,5.144,0.164,g
2459520.54833,2021-11-02.0517225,bq,1.61,16.494,14.618,0.039,5.161,0.184,g
2459520.54957,2021-11-02.0529645,bq,1.49,16.568,14.444,0.031,6.061,0.172,g
2459520.55080,2021-11-02.0541912,bq,1.61,16.575,14.581,0.035,5.344,0.171,g
2459524.53861,2021-11-06.0422684,bq,2.10,15.904,14.558,0.063,5.455,0.316,g
2459524.53988,2021-11-06.0435263,bq,2.06,15.946,14.592,0.063,5.292,0.304,g
2459524.54113,2021-11-06.0447752,bq,2.06,16.223,14.542,0.047,5.535,0.236,g
2459604.16446,2022-01-24.6686545,bA,2.14,16.107,14.462,0.048,5.960,0.263,g
2459604.16571,2022-01-24.6699056,bA,2.13,15.980,14.680,0.066,4.878,0.295,g
2459604.16697,2022-01-24.6711653,bA,2.10,15.850,14.488,0.063,5.822,0.333,g
2459605.16496,2022-01-25.6691166,bA,2.05,16.080,14.587,0.055,5.309,0.269,g
2459605.16623,2022-01-25.6703748,bA,2.10,15.992,14.657,0.064,4.982,0.292,g
2459605.16748,2022-01-25.6716304,bA,2.03,15.940,14.495,0.058,5.781,0.306,g
2459607.02409,2022-01-27.5281425,bq,1.71,99.990,99.990,99.990,99.990,99.990,g
2459607.02532,2022-01-27.5293775,bq,1.58,99.990,99.990,99.990,99.990,99.990,g
2459607.02656,2022-01-27.5306090,bq,1.54,13.706,>13.706,99.990,2.344,2.393,g
2459615.16216,2022-02-04.6657087,bA,2.03,16.706,14.539,0.030,5.549,0.152,g
2459615.16342,2022-02-04.6669737,bA,2.04,16.558,14.663,0.038,4.949,0.173,g
2459615.16469,2022-02-04.6682399,bA,2.03,16.307,14.648,0.048,5.018,0.218,g
2459618.12506,2022-02-07.6284115,bA,2.08,16.840,14.579,0.027,5.348,0.134,g
2459618.12632,2022-02-07.6296724,bA,2.07,16.824,14.553,0.027,5.479,0.136,g
2459618.12757,2022-02-07.6309232,bA,2.07,16.833,14.570,0.027,5.395,0.135,g
2459620.13740,2022-02-09.6406107,bA,2.28,16.851,14.572,0.027,5.385,0.133,g
2459620.13867,2022-02-09.6418832,bA,2.28,16.769,14.520,0.028,5.645,0.143,g
2459620.13993,2022-02-09.6431473,bA,2.28,16.848,14.574,0.027,5.373,0.133,g
2459622.15482,2022-02-11.6578848,bA,2.14,16.822,14.487,0.025,5.822,0.137,g
2459622.15609,2022-02-11.6591511,bA,2.14,16.770,14.520,0.028,5.654,0.143,g
2459622.15734,2022-02-11.6604024,bA,2.14,17.004,14.520,0.022,5.648,0.116,g
2459624.11297,2022-02-13.6158879,bA,2.10,16.332,14.558,0.043,5.459,0.214,g
2459625.11657,2022-02-14.6194114,bA,2.03,16.079,14.428,0.048,6.145,0.269,g
2459625.11782,2022-02-14.6206604,bA,2.03,16.213,14.548,0.047,5.503,0.238,g
2459625.11909,2022-02-14.6219292,bA,2.05,16.099,14.518,0.051,5.660,0.264,g
2459629.12201,2022-02-18.6245364,bA,2.11,16.057,14.494,0.052,5.784,0.275,g
2459629.12326,2022-02-18.6257949,bA,2.12,16.030,14.596,0.059,5.266,0.282,g
2459629.12453,2022-02-18.6270597,bA,2.13,16.018,14.486,0.053,5.833,0.285,g
2459629.13326,2022-02-18.6357909,bA,2.10,16.052,14.553,0.055,5.481,0.276,g
2459629.13453,2022-02-18.6370562,bA,2.07,16.104,14.707,0.061,4.755,0.263,g
2459629.13580,2022-02-18.6383262,bA,2.09,16.149,14.601,0.053,5.239,0.253,g
2459632.10319,2022-02-21.6054787,bA,2.11,16.256,14.517,0.044,5.663,0.229,g
2459632.10444,2022-02-21.6067325,bA,2.14,16.287,14.520,0.043,5.651,0.223,g
2459632.10571,2022-02-21.6080027,bA,2.11,16.339,14.573,0.043,5.381,0.212,g
2459634.09932,2022-02-23.6014498,bA,2.25,16.365,14.632,0.044,5.097,0.207,g
2459634.10059,2022-02-23.6027189,bA,2.20,16.382,14.546,0.040,5.516,0.204,g
2459634.10185,2022-02-23.6039818,bA,2.19,16.446,14.590,0.040,5.297,0.193,g
2459636.10815,2022-02-25.6101148,bA,2.24,16.692,14.509,0.029,5.710,0.154,g
2459636.10941,2022-02-25.6113765,bA,2.27,16.694,14.529,0.030,5.605,0.154,g
2459637.63332,2022-02-27.1351530,bm,2.19,16.069,14.539,0.054,5.550,0.274,g
2459637.63456,2022-02-27.1363945,bm,2.21,16.118,14.573,0.053,5.378,0.261,g
2459637.63580,2022-02-27.1376421,bm,2.19,16.037,14.526,0.054,5.618,0.280,g
2459639.07840,2022-02-28.5801143,bA,2.04,16.925,14.533,0.024,5.584,0.124,g
2459639.07968,2022-02-28.5813879,bA,2.04,16.951,14.523,0.023,5.634,0.121,g
2459639.08095,2022-02-28.5826554,bA,2.04,16.920,14.477,0.023,5.880,0.125,g
2459641.07599,2022-03-02.5775277,bA,1.99,16.922,14.544,0.024,5.527,0.125,g
2459641.07724,2022-03-02.5787837,bA,1.99,16.926,14.530,0.024,5.598,0.124,g
2459641.07849,2022-03-02.5800326,bA,2.00,16.999,14.554,0.023,5.474,0.116,g
2459644.07042,2022-03-05.5716966,bA,1.97,16.927,14.509,0.024,5.709,0.124,g
2459644.07167,2022-03-05.5729593,bA,1.97,16.849,14.498,0.025,5.766,0.133,g
2459644.07294,2022-03-05.5742214,bA,2.00,16.900,14.504,0.024,5.731,0.127,g
2459646.11061,2022-03-07.6117116,bA,2.08,16.913,14.533,0.024,5.584,0.126,g
2459646.11188,2022-03-07.6129903,bA,2.03,17.000,14.575,0.023,5.372,0.116,g
2459646.11316,2022-03-07.6142674,bA,2.05,17.018,14.599,0.024,5.257,0.114,g
2459648.01001,2022-03-09.5109447,bq,1.49,16.587,14.573,0.034,5.380,0.169,g
2459648.01124,2022-03-09.5121657,bq,1.52,16.494,14.574,0.037,5.377,0.184,g
2459648.01248,2022-03-09.5134166,bq,1.47,16.319,14.618,0.046,5.164,0.216,g
2459649.62650,2022-03-11.1272894,bm,2.43,16.278,14.598,0.047,5.258,0.230,g
2459649.62774,2022-03-11.1285298,bm,2.43,15.993,14.620,0.065,5.151,0.306,g
2459649.62898,2022-03-11.1297681,bm,2.39,15.968,14.499,0.057,5.762,0.305,g
2459651.12260,2022-03-12.6232526,bA,2.04,17.015,14.580,0.023,5.346,0.114,g
2459651.12385,2022-03-12.6245025,bA,2.08,16.999,14.604,0.024,5.229,0.116,g
2459651.12510,2022-03-12.6257648,bA,2.05,17.003,14.567,0.023,5.410,0.116,g
2459654.03653,2022-03-15.5369259,bA,2.21,15.630,14.370,0.070,6.486,0.412,g
2459654.03779,2022-03-15.5381898,bA,2.16,15.812,14.649,0.075,5.017,0.344,g
2459654.03906,2022-03-15.5394526,bA,2.14,15.827,14.560,0.068,5.448,0.341,g
2459656.57229,2022-03-18.0724509,bm,1.66,15.253,14.650,0.126,5.011,0.575,g
2459656.57477,2022-03-18.0749344,bm,1.58,15.362,14.596,0.108,5.272,0.521,g
2459659.04298,2022-03-20.5429201,bA,1.98,15.979,14.552,0.059,5.488,0.295,g
2459659.04424,2022-03-20.5441810,bA,2.01,15.886,14.486,0.060,5.832,0.322,g
2459659.04551,2022-03-20.5454478,bA,2.02,16.006,14.431,0.051,6.135,0.288,g
2459659.56244,2022-03-21.0623247,bm,1.60,15.495,14.487,0.087,5.821,0.461,g
2459659.56367,2022-03-21.0635665,bm,1.61,15.557,14.577,0.089,5.362,0.435,g
2459659.56492,2022-03-21.0648138,bm,1.55,15.643,14.622,0.086,5.144,0.402,g
2459664.00963,2022-03-25.5091163,bA,1.98,16.435,14.520,0.038,5.649,0.194,g
2459664.01089,2022-03-25.5103805,bA,1.99,16.552,14.531,0.034,5.592,0.175,g
2459664.01216,2022-03-25.5116504,bA,2.00,16.425,14.471,0.036,5.909,0.196,g
2459666.57516,2022-03-28.0744277,bm,1.67,16.411,14.507,0.038,5.721,0.199,g
2459666.57640,2022-03-28.0756614,bm,1.70,16.285,14.595,0.046,5.274,0.224,g
2459666.57764,2022-03-28.0769032,bm,1.69,16.574,14.546,0.034,5.517,0.171,g
2459669.77288,2022-03-31.2718596,bi,1.48,16.825,14.556,0.027,5.466,0.137,g
2459669.77413,2022-03-31.2731002,bi,1.50,16.730,14.592,0.030,5.290,0.149,g
2459669.77537,2022-03-31.2743430,bi,1.46,16.753,14.573,0.029,5.381,0.146,g
2459670.87132,2022-04-01.3701997,bq,1.44,16.725,14.567,0.030,5.414,0.149,g
2459670.87257,2022-04-01.3714541,bq,1.50,16.764,14.693,0.032,4.819,0.144,g
2459670.87382,2022-04-01.3726946,bq,1.51,16.803,14.588,0.028,5.310,0.139,g
2459670.92094,2022-04-01.4198122,bq,1.50,16.825,14.548,0.027,5.505,0.136,g
2459670.92218,2022-04-01.4210515,bq,1.53,16.922,14.614,0.026,5.183,0.124,g
2459670.92341,2022-04-01.4222831,bq,1.55,16.873,14.536,0.025,5.565,0.131,g
2459672.77443,2022-04-03.2731380,bi,1.46,16.767,14.551,0.028,5.486,0.144,g
2459672.77568,2022-04-03.2743913,bi,1.39,16.803,14.513,0.026,5.687,0.140,g
2459672.77692,2022-04-03.2756310,bi,1.50,16.733,14.610,0.031,5.201,0.149,g
2459674.95884,2022-04-05.4573556,bq,1.52,16.842,14.590,0.027,5.295,0.134,g
2459674.96006,2022-04-05.4585917,bq,1.39,16.877,14.538,0.025,5.561,0.130,g
2459674.96129,2022-04-05.4598160,bq,1.45,16.809,14.592,0.028,5.291,0.139,g
2459677.99095,2022-04-08.4892105,bA,2.04,16.888,14.610,0.027,5.199,0.128,g
2459677.99220,2022-04-08.4904571,bA,2.04,16.884,14.538,0.025,5.558,0.129,g
2459677.99346,2022-04-08.4917167,bA,2.02,16.971,14.514,0.023,5.682,0.119,g
2459678.03701,2022-04-08.5352592,bA,2.38,16.925,14.514,0.024,5.684,0.124,g
2459678.03827,2022-04-08.5365255,bA,2.32,16.996,14.516,0.022,5.669,0.117,g
2459678.03953,2022-04-08.5377848,bA,2.35,16.909,14.569,0.025,5.404,0.126,g
2459680.57222,2022-04-11.0702685,bm,1.51,16.545,14.545,0.035,5.520,0.176,g
2459680.57346,2022-04-11.0715057,bm,1.48,16.579,14.500,0.032,5.755,0.171,g
2459680.57471,2022-04-11.0727575,bm,1.47,16.502,14.552,0.036,5.488,0.183,g
2459682.52548,2022-04-13.0233577,bm,1.48,15.835,14.612,0.071,5.189,0.338,g
2459682.52671,2022-04-13.0245870,bm,1.47,15.890,14.540,0.063,5.547,0.321,g
2459684.05340,2022-04-14.5511495,bA,2.01,16.448,14.609,0.040,5.207,0.192,g
2459684.05463,2022-04-14.5523824,bA,2.01,15.954,14.599,0.063,5.253,0.302,g
2459684.05589,2022-04-14.5536454,bA,2.07,15.464,14.331,0.077,6.722,0.475,g
2459687.89094,2022-04-18.3883901,bq,1.44,15.870,14.805,0.082,4.347,0.326,g
2459687.89218,2022-04-18.3896313,bq,1.57,15.812,14.690,0.078,4.831,0.344,g
2459687.89344,2022-04-18.3908851,bq,1.48,15.843,14.455,0.061,6.002,0.335,g
2459688.47718,2022-04-18.9745824,bm,1.99,15.005,14.197,0.104,7.610,0.726,g
2459688.47841,2022-04-18.9758134,bm,1.49,14.989,14.361,0.124,6.541,0.741,g
2459688.47967,2022-04-18.9770682,bm,1.59,15.249,>15.249,99.990,1.082,0.578,g
2459688.56792,2022-04-19.0653142,bm,1.52,15.563,15.110,0.145,3.281,0.433,g
2459688.56918,2022-04-19.0665664,bm,1.47,15.475,14.592,0.097,5.285,0.471,g
2459688.57043,2022-04-19.0678165,bm,1.49,15.324,14.395,0.093,6.341,0.542,g
2459690.83248,2022-04-21.3297004,bE,1.49,16.487,14.588,0.038,5.304,0.185,g
2459690.83377,2022-04-21.3309837,bE,1.47,16.454,14.619,0.040,5.155,0.191,g
2459690.83505,2022-04-21.3322674,bE,1.51,16.414,14.534,0.039,5.575,0.198,g
2459690.91964,2022-04-21.4168457,bE,1.62,16.361,14.528,0.040,5.608,0.208,g
2459690.92092,2022-04-21.4181311,bE,1.50,16.331,14.588,0.044,5.306,0.214,g
2459690.92222,2022-04-21.4194237,bE,1.47,16.310,14.560,0.044,5.450,0.218,g
2459692.87299,2022-04-23.3700511,bq,1.42,16.639,14.726,0.038,4.673,0.161,g
2459692.87426,2022-04-23.3713140,bq,1.62,16.710,14.563,0.030,5.431,0.151,g
2459692.87550,2022-04-23.3725534,bq,1.47,16.576,14.588,0.035,5.308,0.171,g
2459693.69977,2022-04-24.1967694,bE,1.40,16.730,14.554,0.029,5.476,0.149,g
2459693.70105,2022-04-24.1980467,bE,1.49,16.716,14.559,0.030,5.450,0.151,g
2459693.70234,2022-04-24.1993313,bE,1.46,16.743,14.544,0.029,5.527,0.147,g
2459695.46712,2022-04-25.9639821,bm,2.05,16.319,14.563,0.043,5.427,0.217,g
2459695.46837,2022-04-25.9652343,bm,2.06,16.309,14.442,0.039,6.069,0.220,g
2459695.46962,2022-04-25.9664865,bm,2.06,16.277,14.526,0.044,5.619,0.225,g
2459696.84960,2022-04-27.3463792,bi,1.39,16.820,14.548,0.027,5.503,0.137,g
2459696.85086,2022-04-27.3476325,bi,1.47,16.806,14.555,0.027,5.472,0.138,g
2459696.85211,2022-04-27.3488785,bi,1.40,16.772,14.550,0.028,5.492,0.143,g
2459700.46127,2022-04-30.9577914,bm,1.52,16.452,14.571,0.039,5.390,0.191,g
2459700.46251,2022-04-30.9590357,bm,1.49,16.437,14.604,0.040,5.229,0.194,g
2459700.46374,2022-04-30.9602694,bm,1.52,16.484,14.576,0.038,5.366,0.186,g
2459702.94357,2022-05-03.4399171,bq,1.53,16.785,14.530,0.027,5.598,0.141,g
2459702.94483,2022-05-03.4411766,bq,1.57,16.829,14.617,0.028,5.165,0.136,g
2459702.94608,2022-05-03.4424332,bq,1.49,16.888,14.591,0.026,5.291,0.129,g
2459704.88709,2022-05-05.3833151,bq,1.53,16.810,14.567,0.028,5.409,0.138,g
2459704.88837,2022-05-05.3845944,bq,1.50,16.739,14.536,0.029,5.567,0.148,g
2459704.88963,2022-05-05.3858561,bq,1.46,16.822,14.591,0.028,5.293,0.136,g
2459704.91740,2022-05-05.4136216,bE,1.51,16.906,14.591,0.026,5.294,0.126,g
2459704.91868,2022-05-05.4149050,bE,1.43,16.892,14.569,0.026,5.399,0.128,g
2459704.91999,2022-05-05.4162085,bE,1.50,16.910,14.561,0.025,5.441,0.126,g
2459706.86439,2022-05-07.3604918,bE,1.49,16.909,14.515,0.024,5.673,0.126,g
2459706.86569,2022-05-07.3617857,bE,1.47,16.846,14.539,0.026,5.553,0.133,g
2459706.86697,2022-05-07.3630697,bE,1.50,16.867,14.541,0.026,5.540,0.131,g
2459710.05013,2022-05-10.5460445,bA,2.12,16.975,14.557,0.024,5.463,0.119,g
2459710.05137,2022-05-10.5472935,bA,2.11,16.987,14.571,0.024,5.390,0.118,g
2459710.80160,2022-05-11.2974744,bq,1.43,16.277,14.573,0.046,5.381,0.225,g
2459710.80288,2022-05-11.2987542,bq,1.52,16.232,14.702,0.053,4.779,0.234,g
2459710.80416,2022-05-11.3000284,bq,1.48,15.996,14.632,0.062,5.096,0.291,g
2459711.77070,2022-05-12.2665106,bE,1.52,16.629,14.651,0.035,5.008,0.162,g
2459711.77199,2022-05-12.2677990,bE,1.53,16.727,14.561,0.030,5.441,0.149,g
2459711.77327,2022-05-12.2690840,bE,1.51,16.681,14.562,0.031,5.438,0.155,g
2459712.91065,2022-05-13.4064093,bq,1.45,16.319,14.605,0.045,5.227,0.216,g
2459712.91195,2022-05-13.4077100,bq,1.52,16.391,14.629,0.043,5.110,0.202,g
2459712.91325,2022-05-13.4090023,bq,1.46,16.370,14.694,0.047,4.815,0.206,g
2459713.80420,2022-05-14.2999037,bi,1.43,16.140,14.549,0.051,5.499,0.255,g
2459713.80544,2022-05-14.3011418,bi,1.49,16.174,14.539,0.049,5.551,0.247,g
2459713.80668,2022-05-14.3023851,bi,1.50,16.220,14.518,0.046,5.657,0.237,g
2459714.77916,2022-05-15.2748175,bi,1.39,16.009,14.462,0.053,5.959,0.287,g
2459714.78040,2022-05-15.2760511,bi,1.47,16.027,14.643,0.061,5.047,0.283,g
2459714.78164,2022-05-15.2772961,bi,1.42,15.934,14.473,0.057,5.897,0.308,g
2459716.68699,2022-05-17.1825543,bi,1.52,15.731,14.570,0.075,5.393,0.371,g
2459716.68824,2022-05-17.1838016,bi,1.57,15.703,14.558,0.076,5.459,0.381,g
2459716.68948,2022-05-17.1850465,bi,1.45,15.818,14.491,0.065,5.807,0.342,g
2459720.95751,2022-05-21.4528695,bA,2.00,16.792,14.561,0.028,5.440,0.141,g
2459720.95877,2022-05-21.4541310,bA,2.00,16.645,14.543,0.032,5.534,0.160,g
2459720.96001,2022-05-21.4553811,bA,2.01,16.776,14.549,0.028,5.498,0.142,g
2459720.99646,2022-05-21.4918214,bA,2.02,16.708,14.509,0.029,5.703,0.151,g
2459720.99772,2022-05-21.4930855,bA,2.02,16.710,14.518,0.029,5.661,0.151,g
2459720.99898,2022-05-21.4943474,bA,2.03,16.717,14.497,0.028,5.770,0.151,g
2459721.68854,2022-05-22.1838689,bE,1.46,16.709,14.520,0.029,5.648,0.152,g
2459721.68983,2022-05-22.1851586,bE,1.50,16.780,14.574,0.029,5.377,0.142,g
2459721.69111,2022-05-22.1864407,bE,1.45,16.683,14.520,0.030,5.652,0.155,g
2459722.82432,2022-05-23.3196105,bi,1.44,16.669,14.534,0.031,5.577,0.157,g
2459722.82558,2022-05-23.3208642,bi,1.45,16.733,14.518,0.028,5.662,0.148,g
2459722.82683,2022-05-23.3221163,bi,1.45,16.717,14.548,0.030,5.504,0.150,g
2459725.63914,2022-05-26.1343079,bi,1.39,16.830,14.538,0.026,5.556,0.136,g
2459725.64038,2022-05-26.1355461,bi,1.42,16.804,14.543,0.027,5.534,0.139,g
2459725.64164,2022-05-26.1368090,bi,1.39,16.750,14.548,0.029,5.506,0.146,g
2459726.91383,2022-05-27.4089553,bq,1.46,16.441,14.652,0.042,5.003,0.194,g
2459726.91507,2022-05-27.4101949,bq,1.40,16.312,14.545,0.043,5.525,0.218,g
2459726.91629,2022-05-27.4114166,bq,1.47,16.365,14.711,0.048,4.739,0.207,g
2459728.71267,2022-05-29.2077337,bq,1.56,14.906,>14.906,99.990,2.946,0.792,g
2459728.71390,2022-05-29.2089662,bq,1.56,14.491,>14.491,99.990,1.937,1.162,g
2459728.71513,2022-05-29.2101939,bq,1.51,13.794,>13.794,99.990,1.705,2.205,g
2459728.90260,2022-05-29.3976606,bq,1.42,16.570,14.647,0.037,5.024,0.172,g
2459728.90384,2022-05-29.3989011,bq,1.45,16.539,14.647,0.038,5.024,0.177,g
2459728.90509,2022-05-29.4001523,bq,1.50,16.614,14.587,0.034,5.315,0.165,g
2459729.43577,2022-05-29.9308077,bm,2.36,99.990,99.990,99.990,99.990,99.990,g
2459729.43701,2022-05-29.9320496,bm,2.36,99.990,99.990,99.990,99.990,99.990,g
2459729.43826,2022-05-29.9332994,bm,2.35,99.990,99.990,99.990,99.990,99.990,g
2459731.81283,2022-06-01.3078010,bq,1.47,16.661,14.512,0.031,5.694,0.161,g
2459731.81407,2022-06-01.3090420,bq,1.47,16.726,14.510,0.029,5.705,0.151,g
2459731.81531,2022-06-01.3102884,bq,1.44,16.806,14.557,0.028,5.461,0.141,g
2459735.88537,2022-06-05.3802291,bA,2.06,16.973,14.523,0.023,5.631,0.119,g
2459735.88663,2022-06-05.3814966,bA,2.04,16.958,14.533,0.023,5.582,0.121,g
2459735.88790,2022-06-05.3827621,bA,2.04,17.030,14.574,0.023,5.378,0.113,g
2459737.69430,2022-06-07.1891261,bq,1.44,16.531,14.562,0.036,5.436,0.178,g
2459737.69554,2022-06-07.1903633,bq,1.41,16.597,14.528,0.033,5.606,0.168,g
2459737.69679,2022-06-07.1916097,bq,1.49,16.554,14.507,0.033,5.718,0.174,g
2459737.72070,2022-06-07.2155276,bq,1.48,16.693,14.661,0.034,4.963,0.153,g
2459737.72192,2022-06-07.2167465,bq,1.47,16.578,14.621,0.036,5.147,0.170,g
2459737.72316,2022-06-07.2179868,bq,1.43,16.700,14.574,0.031,5.374,0.153,g
2459738.78222,2022-06-08.2770188,bq,1.43,16.042,14.774,0.068,4.474,0.279,g
2459738.78346,2022-06-08.2782641,bq,1.50,16.203,14.692,0.054,4.822,0.241,g
2459738.78471,2022-06-08.2795071,bq,1.46,16.057,14.615,0.058,5.178,0.275,g
2459739.75714,2022-06-09.2519247,bE,1.43,16.845,14.551,0.026,5.493,0.134,g
2459739.75843,2022-06-09.2532144,bE,1.48,16.924,14.552,0.025,5.487,0.125,g
2459739.75972,2022-06-09.2544983,bE,1.52,16.906,14.527,0.024,5.615,0.127,g
2459739.77543,2022-06-09.2702085,bi,1.39,16.827,14.487,0.025,5.825,0.136,g
2459739.77666,2022-06-09.2714375,bi,1.45,16.746,14.535,0.029,5.572,0.146,g
2459739.77790,2022-06-09.2726815,bi,1.46,16.872,14.548,0.026,5.509,0.130,g
2459740.86429,2022-06-10.3590578,bq,1.41,16.684,14.597,0.032,5.265,0.155,g
2459740.86556,2022-06-10.3603255,bq,1.53,16.646,14.658,0.035,4.972,0.161,g
2459740.86680,2022-06-10.3615598,bq,1.52,16.628,14.587,0.033,5.315,0.163,g
2459741.78242,2022-06-11.2771695,bi,1.41,16.429,14.620,0.041,5.154,0.195,g
2459741.78366,2022-06-11.2784170,bi,1.52,16.380,14.555,0.041,5.469,0.204,g
2459741.78491,2022-06-11.2796694,bi,1.48,16.394,14.615,0.043,5.173,0.202,g
2459741.87115,2022-06-11.3658984,bE,1.40,16.865,14.533,0.025,5.584,0.132,g
2459741.87245,2022-06-11.3671967,bE,1.49,16.819,14.511,0.026,5.695,0.138,g
2459741.87375,2022-06-11.3684934,bE,1.49,16.798,14.571,0.028,5.389,0.140,g
2459743.57678,2022-06-13.0715089,bE,2.02,15.755,14.555,0.073,5.475,0.363,g
2459743.57807,2022-06-13.0727957,bE,1.61,15.752,14.412,0.064,6.240,0.364,g
2459743.57936,2022-06-13.0740887,bE,1.49,15.730,14.452,0.067,6.016,0.371,g
2459747.36582,2022-06-16.8605127,bm,1.38,99.990,99.990,99.990,99.990,99.990,g
2459747.36705,2022-06-16.8617462,bm,1.39,99.990,99.990,99.990,99.990,99.990,g
2459750.55514,2022-06-20.0498230,bi,1.52,15.122,14.972,0.191,3.724,0.650,g
2459750.55638,2022-06-20.0510626,bi,1.49,99.990,99.990,99.990,99.990,99.990,g
2459750.55762,2022-06-20.0523043,bi,1.74,99.990,99.990,99.990,99.990,99.990,g
2459750.78038,2022-06-20.2750629,bA,2.02,16.931,14.589,0.025,5.301,0.123,g
2459750.78163,2022-06-20.2763119,bA,1.99,16.891,14.572,0.026,5.385,0.128,g
2459750.78289,2022-06-20.2775819,bA,2.01,16.878,14.572,0.026,5.386,0.129,g
2459751.59650,2022-06-21.0911806,bi,1.57,16.155,14.551,0.052,5.492,0.261,g
2459751.59774,2022-06-21.0924202,bi,1.41,16.039,14.488,0.053,5.821,0.282,g
2459751.59899,2022-06-21.0936678,bi,1.61,16.440,14.550,0.038,5.494,0.194,g
2459751.70284,2022-06-21.1975237,bi,1.35,14.490,>14.490,99.990,4.341,1.162,g
2459751.70408,2022-06-21.1987688,bi,1.41,14.199,>14.199,99.990,5.139,1.522,g
2459751.70532,2022-06-21.2000002,bi,1.44,14.657,14.516,0.192,5.675,0.996,g
2459753.86373,2022-06-23.3584171,bq,1.45,16.796,14.658,0.030,4.977,0.140,g
2459753.86495,2022-06-23.3596497,bq,1.45,16.848,14.542,0.026,5.536,0.133,g
2459753.86619,2022-06-23.3608892,bq,1.49,16.805,14.577,0.028,5.362,0.139,g
2459754.91763,2022-06-24.4123289,bA,2.00,17.037,14.552,0.022,5.484,0.112,g
2459754.91890,2022-06-24.4135894,bA,2.01,17.049,14.555,0.022,5.473,0.111,g
2459754.92014,2022-06-24.4148370,bA,2.01,17.000,14.534,0.023,5.579,0.116,g
2459754.97926,2022-06-24.4739512,bA,2.01,17.017,14.537,0.022,5.562,0.115,g
2459754.98051,2022-06-24.4752049,bA,2.01,17.020,14.549,0.022,5.497,0.114,g
2459754.98174,2022-06-24.4764295,bA,2.01,16.996,14.551,0.023,5.490,0.117,g
2459754.98701,2022-06-24.4817059,bA,2.01,16.974,14.591,0.024,5.291,0.119,g
2459754.98826,2022-06-24.4829526,bA,2.00,16.999,14.579,0.024,5.350,0.116,g
2459754.98950,2022-06-24.4841957,bA,2.01,16.971,14.538,0.023,5.556,0.120,g
2459756.75098,2022-06-26.2456857,bE,1.55,15.900,14.592,0.066,5.291,0.318,g
2459756.75228,2022-06-26.2469844,bE,1.52,15.533,14.367,0.075,6.507,0.446,g
2459756.75357,2022-06-26.2482758,bE,1.53,15.493,14.684,0.104,4.857,0.462,g
2459756.82641,2022-06-26.3211166,bE,1.52,14.633,>14.633,99.990,4.464,1.018,g
2459756.82771,2022-06-26.3224167,bE,1.57,15.318,14.618,0.115,5.163,0.543,g
2459756.82902,2022-06-26.3237215,bE,1.58,15.227,14.473,0.110,5.903,0.593,g
2459758.97522,2022-06-28.4699493,bA,2.15,17.024,14.569,0.023,5.401,0.113,g
2459758.97647,2022-06-28.4711959,bA,2.21,16.965,14.558,0.024,5.453,0.120,g
2459758.97773,2022-06-28.4724540,bA,2.24,16.934,14.534,0.024,5.579,0.124,g
2459759.58136,2022-06-29.0760961,bm,1.55,16.361,14.581,0.042,5.342,0.208,g
2459759.58261,2022-06-29.0773371,bm,1.56,16.381,14.578,0.041,5.358,0.204,g
2459759.58385,2022-06-29.0785776,bm,1.57,16.396,14.532,0.039,5.586,0.201,g
2459760.66067,2022-06-30.1554127,bi,1.45,16.850,14.566,0.027,5.417,0.133,g
2459760.66190,2022-06-30.1566510,bi,1.36,16.842,14.506,0.025,5.722,0.134,g
2459760.66315,2022-06-30.1578927,bi,1.39,16.815,14.530,0.027,5.597,0.137,g
2459761.68349,2022-07-01.1782548,bE,1.46,16.871,14.511,0.025,5.696,0.131,g
2459761.68480,2022-07-01.1795585,bE,1.49,16.941,14.573,0.025,5.381,0.122,g
2459761.68608,2022-07-01.1808460,bE,1.50,16.914,14.497,0.024,5.771,0.126,g
2459762.77939,2022-07-02.2741793,bi,1.41,16.727,14.562,0.030,5.433,0.149,g
2459762.78063,2022-07-02.2754128,bi,1.45,16.795,14.609,0.029,5.205,0.139,g
2459762.78187,2022-07-02.2766568,bi,1.43,16.756,14.558,0.029,5.454,0.145,g
2459765.80165,2022-07-05.2964976,bA,2.11,16.829,14.565,0.027,5.422,0.137,g
2459765.80292,2022-07-05.2977570,bA,2.12,16.890,14.579,0.026,5.351,0.129,g
2459765.80418,2022-07-05.2990258,bA,2.11,16.812,14.594,0.028,5.278,0.139,g
2459768.31381,2022-07-07.8087001,bm,1.51,16.178,14.491,0.046,5.803,0.246,g
2459768.31505,2022-07-07.8099383,bm,1.47,16.164,14.483,0.046,5.850,0.249,g
2459768.31629,2022-07-07.8111850,bm,1.57,16.148,14.529,0.049,5.601,0.253,g
2459769.75786,2022-07-09.2527942,bi,1.47,16.368,14.504,0.039,5.736,0.207,g
2459769.75910,2022-07-09.2540275,bi,1.41,16.346,14.612,0.044,5.193,0.211,g
2459769.76032,2022-07-09.2552539,bi,1.52,16.499,14.512,0.035,5.694,0.183,g
2459769.86025,2022-07-09.3551918,bq,1.48,16.773,14.609,0.030,5.204,0.143,g
2459769.86149,2022-07-09.3564300,bq,1.44,16.706,14.576,0.031,5.368,0.152,g
2459769.86272,2022-07-09.3576613,bq,1.43,16.752,14.617,0.031,5.167,0.145,g
2459772.75017,2022-07-12.2451920,bq,1.50,15.504,14.542,0.091,5.534,0.458,g
2459772.75142,2022-07-12.2464376,bq,1.88,15.417,>15.417,99.990,2.006,0.495,g
2459772.75266,2022-07-12.2476755,bq,2.03,15.469,15.030,0.146,3.533,0.472,g
2459772.75772,2022-07-12.2527483,bq,1.36,15.370,14.690,0.117,4.832,0.517,g
2459772.75898,2022-07-12.2540020,bq,1.79,15.589,>15.589,99.990,1.599,0.422,g
2459772.76021,2022-07-12.2552324,bq,2.07,15.365,14.584,0.107,5.324,0.520,g
2459774.96643,2022-07-14.4615297,bA,2.19,15.885,14.773,0.079,4.476,0.322,g
2459774.96768,2022-07-14.4627843,bA,2.13,16.161,14.571,0.051,5.390,0.250,g
2459774.96896,2022-07-14.4640589,bA,2.23,15.746,14.530,0.072,5.596,0.366,g
2459775.95691,2022-07-15.4520388,bA,2.13,16.163,14.543,0.049,5.534,0.249,g
2459775.95817,2022-07-15.4533062,bA,2.09,16.016,14.557,0.057,5.459,0.286,g
2459775.95941,2022-07-15.4545478,bA,2.17,16.148,14.580,0.052,5.345,0.253,g
2459779.84182,2022-07-19.3371071,bq,1.57,16.437,14.606,0.040,5.222,0.194,g
2459779.84304,2022-07-19.3383234,bq,1.53,16.453,14.554,0.038,5.476,0.192,g
2459779.84427,2022-07-19.3395534,bq,1.55,16.427,14.575,0.040,5.374,0.196,g
2459782.69995,2022-07-22.1953526,bi,1.35,16.843,14.584,0.027,5.326,0.134,g
2459782.70119,2022-07-22.1965940,bi,1.40,16.816,14.576,0.028,5.366,0.137,g
2459782.70243,2022-07-22.1978353,bi,1.44,16.873,14.540,0.025,5.547,0.130,g
2459783.73033,2022-07-23.2257895,bE,1.47,16.891,14.547,0.025,5.507,0.128,g
2459783.73162,2022-07-23.2270702,bE,1.51,16.820,14.540,0.027,5.546,0.137,g
2459783.73289,2022-07-23.2283519,bE,1.49,16.801,14.509,0.026,5.709,0.139,g
2459785.85834,2022-07-25.3538896,bA,2.03,16.951,14.559,0.024,5.450,0.121,g
2459785.85961,2022-07-25.3551575,bA,2.03,17.099,14.569,0.021,5.400,0.107,g
2459785.86087,2022-07-25.3564207,bA,2.03,17.046,14.572,0.022,5.382,0.111,g
2459785.91227,2022-07-25.4078232,bA,2.02,16.944,14.565,0.024,5.423,0.122,g
2459785.91354,2022-07-25.4090881,bA,2.01,16.999,14.585,0.024,5.321,0.117,g
2459785.91479,2022-07-25.4103464,bA,2.01,17.004,14.592,0.024,5.291,0.116,g
2459785.92758,2022-07-25.4231347,bA,2.02,16.991,14.545,0.023,5.524,0.117,g
2459785.92885,2022-07-25.4243980,bA,2.01,17.007,14.582,0.023,5.336,0.115,g
2459785.93011,2022-07-25.4256606,bA,2.02,16.958,14.543,0.024,5.533,0.120,g
2459786.74463,2022-07-26.2402299,bE,1.47,16.807,14.581,0.028,5.341,0.138,g
2459786.74593,2022-07-26.2415269,bE,1.48,16.771,14.550,0.028,5.499,0.143,g
2459786.74722,2022-07-26.2428100,bE,1.48,16.794,14.526,0.027,5.622,0.140,g
2459787.73005,2022-07-27.2256932,bi,1.45,16.732,14.550,0.029,5.497,0.148,g
2459787.73127,2022-07-27.2269142,bi,1.44,16.793,14.635,0.030,5.082,0.140,g
2459787.73252,2022-07-27.2281652,bi,1.37,16.569,14.619,0.036,5.159,0.172,g
2459788.67038,2022-07-28.1660747,bi,1.51,16.733,14.529,0.029,5.602,0.148,g
2459788.67162,2022-07-28.1673163,bi,1.47,16.708,14.555,0.030,5.467,0.151,g
2459788.67285,2022-07-28.1685458,bi,1.43,16.688,14.556,0.031,5.467,0.154,g
2459788.68181,2022-07-28.1775053,bi,1.45,16.784,14.590,0.029,5.296,0.141,g
2459788.68306,2022-07-28.1787517,bi,1.55,16.908,14.574,0.025,5.378,0.126,g
2459788.68431,2022-07-28.1800017,bi,1.45,16.746,14.522,0.028,5.640,0.146,g
2459789.82762,2022-07-29.3233694,bq,1.45,16.724,14.585,0.030,5.322,0.149,g
2459789.82886,2022-07-29.3246137,bq,1.48,16.705,14.559,0.030,5.453,0.153,g
2459789.83009,2022-07-29.3258424,bq,1.47,16.817,14.622,0.029,5.143,0.138,g
2459792.38206,2022-07-31.8779590,bm,2.08,16.354,14.525,0.041,5.623,0.209,g
2459792.38330,2022-07-31.8792049,bm,2.09,16.387,14.526,0.039,5.615,0.203,g
2459792.38455,2022-07-31.8804503,bm,2.08,16.424,14.541,0.039,5.544,0.197,g
2459793.60204,2022-08-02.0980046,bE,1.42,16.907,14.538,0.025,5.554,0.127,g
2459793.60331,2022-08-02.0992817,bE,1.48,16.914,14.574,0.025,5.377,0.126,g
2459793.60461,2022-08-02.1005829,bE,1.53,16.875,14.571,0.026,5.391,0.130,g
2459794.59263,2022-08-03.0886468,bi,1.50,16.810,14.559,0.027,5.450,0.138,g
2459794.59388,2022-08-03.0898991,bi,1.53,16.834,14.557,0.027,5.459,0.135,g
2459794.59513,2022-08-03.0911479,bi,1.60,16.700,14.534,0.030,5.575,0.152,g
2459795.70668,2022-08-04.2027685,bE,1.58,16.831,14.563,0.027,5.429,0.135,g
2459795.70796,2022-08-04.2040565,bE,1.53,16.786,14.573,0.028,5.381,0.141,g
2459795.70925,2022-08-04.2053412,bE,1.48,16.814,14.500,0.026,5.758,0.137,g
2459797.39788,2022-08-05.8940787,bm,1.51,16.159,14.433,0.045,6.122,0.251,g
2459797.39912,2022-08-05.8953194,bm,1.48,16.191,14.574,0.049,5.377,0.243,g
2459797.40036,2022-08-05.8965601,bm,1.50,16.230,14.674,0.052,4.901,0.234,g
2459799.87205,2022-08-08.3684038,bA,2.13,16.172,14.663,0.055,4.951,0.247,g
2459799.87330,2022-08-08.3696481,bA,2.12,16.257,14.649,0.050,5.015,0.229,g
2459799.87455,2022-08-08.3708991,bA,2.12,16.205,14.547,0.048,5.510,0.240,g
2459801.79614,2022-08-10.2926170,bA,2.25,15.997,14.556,0.058,5.468,0.290,g
2459801.79740,2022-08-10.2938755,bA,2.30,15.930,14.610,0.065,5.203,0.309,g
2459801.79866,2022-08-10.2951337,bA,2.31,15.830,14.674,0.076,4.904,0.338,g
2459804.68802,2022-08-13.1847039,bE,1.58,16.003,14.624,0.062,5.137,0.289,g
2459804.68931,2022-08-13.1859887,bE,1.46,16.055,14.656,0.060,4.988,0.276,g
2459804.69060,2022-08-13.1872753,bE,1.51,16.047,14.610,0.058,5.201,0.278,g
2459805.86447,2022-08-14.3612232,bA,2.04,16.343,14.549,0.042,5.500,0.212,g
2459805.86573,2022-08-14.3624918,bA,2.03,16.340,14.572,0.043,5.385,0.212,g
2459805.86698,2022-08-14.3637406,bA,2.04,16.337,14.565,0.043,5.421,0.213,g
2459806.72522,2022-08-15.2220540,bq,1.62,16.247,14.415,0.040,6.227,0.231,g
2459806.72649,2022-08-15.2233081,bq,1.53,16.320,14.634,0.046,5.088,0.216,g
2459806.72770,2022-08-15.2245339,bq,1.60,16.262,14.623,0.048,5.139,0.228,g
2459807.68986,2022-08-16.1867526,bE,1.48,16.396,14.498,0.038,5.761,0.202,g
2459807.69116,2022-08-16.1880511,bE,1.46,16.421,14.509,0.038,5.706,0.197,g
2459807.69244,2022-08-16.1893356,bE,1.53,16.220,14.499,0.045,5.760,0.237,g
2459810.79180,2022-08-19.2889218,bA,2.03,17.031,14.547,0.022,5.509,0.113,g
2459810.79305,2022-08-19.2901822,bA,2.03,17.079,14.543,0.021,5.530,0.108,g
2459810.79431,2022-08-19.2914464,bA,2.03,16.996,14.514,0.022,5.680,0.117,g
2459812.53909,2022-08-21.0363479,bE,1.45,16.905,14.532,0.025,5.586,0.127,g
2459812.54038,2022-08-21.0376342,bE,1.39,16.964,14.560,0.024,5.444,0.120,g
2459812.54165,2022-08-21.0389178,bE,1.53,16.885,14.561,0.026,5.439,0.129,g
2459814.61233,2022-08-23.1097519,bi,1.61,16.755,14.560,0.029,5.446,0.145,g
2459814.61357,2022-08-23.1109947,bi,1.56,16.799,14.542,0.027,5.539,0.139,g
2459814.61482,2022-08-23.1122436,bi,1.62,16.745,14.523,0.028,5.631,0.146,g
2459816.57475,2022-08-25.0723269,bE,1.48,16.874,14.524,0.025,5.628,0.130,g
2459816.57604,2022-08-25.0736116,bE,1.46,16.878,14.535,0.025,5.571,0.130,g
2459816.57732,2022-08-25.0749017,bE,1.43,16.907,14.558,0.025,5.453,0.126,g
2459818.53570,2022-08-27.0334267,bE,1.43,16.881,14.558,0.026,5.456,0.130,g
2459818.53699,2022-08-27.0347166,bE,1.49,16.881,14.528,0.025,5.604,0.129,g
2459818.53827,2022-08-27.0360024,bE,1.44,16.902,14.512,0.024,5.693,0.127,g
2459819.57472,2022-08-28.0725256,bE,1.43,16.882,14.611,0.027,5.196,0.130,g
2459819.57601,2022-08-28.0738240,bE,1.47,16.824,14.599,0.028,5.253,0.136,g
2459819.57729,2022-08-28.0751063,bE,1.42,16.897,14.562,0.025,5.438,0.128,g
2459820.72411,2022-08-29.2220256,bq,1.47,16.824,14.567,0.027,5.406,0.136,g
2459820.72536,2022-08-29.2232710,bq,1.41,16.827,14.614,0.028,5.181,0.136,g
2459820.72657,2022-08-29.2244814,bq,1.43,16.759,14.528,0.028,5.610,0.145,g
2459822.42229,2022-08-30.9203506,bm,2.30,16.154,14.547,0.050,5.514,0.251,g
2459822.42353,2022-08-30.9215898,bm,2.21,16.165,14.555,0.050,5.475,0.249,g
2459823.51756,2022-09-01.0157011,bi,1.56,16.759,14.526,0.028,5.620,0.144,g
2459823.51880,2022-09-01.0169429,bi,1.57,16.670,14.507,0.030,5.718,0.157,g
2459823.52004,2022-09-01.0181844,bi,1.62,16.691,14.516,0.029,5.675,0.154,g
2459825.81542,2022-09-03.3137531,bA,2.05,16.659,14.601,0.033,5.243,0.159,g
2459825.81668,2022-09-03.3150138,bA,2.04,16.755,14.525,0.028,5.624,0.145,g
2459825.81794,2022-09-03.3162731,bA,2.06,16.772,14.563,0.029,5.432,0.144,g
2459826.36662,2022-09-03.8650125,bm,1.58,16.030,14.674,0.063,4.899,0.281,g
2459826.36792,2022-09-03.8663008,bm,1.48,16.127,14.442,0.046,6.071,0.258,g
2459826.36916,2022-09-03.8675491,bm,1.47,16.057,14.482,0.051,5.849,0.275,g
2459827.59386,2022-09-05.0923516,bE,1.51,16.298,14.534,0.043,5.575,0.220,g
2459827.59514,2022-09-05.0936356,bE,1.49,16.321,14.606,0.045,5.217,0.216,g
2459827.59645,2022-09-05.0949393,bE,1.57,16.313,14.559,0.043,5.455,0.217,g
2459828.63181,2022-09-06.1303835,bE,1.45,16.074,14.552,0.054,5.485,0.271,g
2459828.63312,2022-09-06.1316956,bE,1.44,16.106,14.589,0.054,5.302,0.263,g
2459828.63439,2022-09-06.1329776,bE,1.43,16.110,14.554,0.052,5.473,0.262,g
2459829.63437,2022-09-07.1330396,bi,1.48,15.852,14.456,0.061,5.994,0.332,g
2459829.63562,2022-09-07.1342861,bi,1.48,15.777,14.419,0.063,6.201,0.356,g
2459829.63685,2022-09-07.1355175,bi,1.47,15.784,14.647,0.077,5.026,0.353,g
2459831.57895,2022-09-09.0777796,bE,1.46,16.012,14.464,0.053,5.949,0.286,g
2459831.58023,2022-09-09.0790658,bE,1.59,16.002,14.606,0.061,5.219,0.289,g
2459831.58153,2022-09-09.0803565,bE,1.48,16.021,14.611,0.060,5.199,0.284,g
2459833.57932,2022-09-11.0783253,bE,1.57,15.829,14.559,0.068,5.450,0.339,g
2459833.58061,2022-09-11.0796194,bE,1.62,15.921,14.689,0.070,4.835,0.311,g
2459833.58192,2022-09-11.0809229,bE,1.65,15.821,14.694,0.078,4.813,0.341,g
2459834.59969,2022-09-12.0987925,bi,1.49,15.982,14.636,0.063,5.078,0.294,g
2459834.60093,2022-09-12.1000359,bi,1.41,16.070,14.696,0.062,4.802,0.271,g
2459834.60218,2022-09-12.1012774,bi,1.46,15.935,14.414,0.054,6.229,0.308,g
2459835.69050,2022-09-13.1896917,bq,1.60,15.917,14.435,0.056,6.107,0.313,g
2459835.69173,2022-09-13.1909268,bq,1.51,16.043,14.592,0.058,5.290,0.279,g
2459835.69297,2022-09-13.1921567,bq,1.56,15.934,14.481,0.057,5.853,0.308,g
2459836.79154,2022-09-14.2908422,bA,2.01,17.004,14.535,0.022,5.570,0.116,g
2459836.79282,2022-09-14.2921121,bA,2.01,16.898,14.579,0.026,5.355,0.128,g
2459836.79407,2022-09-14.2933598,bA,2.01,16.857,14.593,0.027,5.283,0.132,g
2459838.77103,2022-09-16.2705015,bA,2.02,17.071,14.593,0.022,5.283,0.109,g
2459838.77229,2022-09-16.2717575,bA,2.02,16.965,14.569,0.024,5.402,0.120,g
2459838.77355,2022-09-16.2730216,bA,2.03,16.987,14.608,0.024,5.207,0.117,g
2459840.56749,2022-09-18.0671151,bi,1.50,16.637,14.601,0.033,5.247,0.161,g
2459840.56873,2022-09-18.0683554,bi,1.58,16.652,14.549,0.031,5.500,0.159,g
2459840.56997,2022-09-18.0695927,bi,1.52,16.620,14.529,0.032,5.602,0.164,g
2459842.72974,2022-09-20.2295587,bA,2.05,16.991,14.525,0.023,5.623,0.117,g
2459842.73100,2022-09-20.2308195,bA,2.05,16.976,14.561,0.024,5.440,0.119,g
2459842.73226,2022-09-20.2320745,bA,2.06,16.990,14.519,0.022,5.655,0.117,g
2459843.67060,2022-09-21.1705039,bq,1.51,16.749,14.557,0.029,5.459,0.146,g
2459843.67184,2022-09-21.1717409,bq,1.44,16.793,14.645,0.030,5.036,0.140,g
2459843.67306,2022-09-21.1729688,bq,1.48,16.857,14.602,0.027,5.238,0.132,g
2459844.32337,2022-09-21.8233391,bm,1.61,16.461,14.554,0.038,5.475,0.190,g
2459844.32461,2022-09-21.8245761,bm,1.58,16.367,14.453,0.037,6.012,0.207,g
2459844.32585,2022-09-21.8258143,bm,1.57,16.367,14.512,0.040,5.695,0.207,g
2459845.64931,2022-09-23.1493871,bq,1.46,16.726,14.603,0.031,5.235,0.149,g
2459845.65054,2022-09-23.1506181,bq,1.45,16.785,14.562,0.028,5.436,0.141,g
2459845.65177,2022-09-23.1518510,bq,1.44,16.777,14.570,0.029,5.400,0.142,g
2459846.66013,2022-09-24.1603048,bq,1.50,16.727,14.598,0.031,5.260,0.149,g
2459846.66136,2022-09-24.1615347,bq,1.48,16.801,14.596,0.029,5.266,0.139,g
2459846.66258,2022-09-24.1627555,bq,1.50,16.669,14.599,0.032,5.254,0.157,g
2459847.66801,2022-09-25.1682783,bq,1.49,16.733,14.576,0.030,5.365,0.148,g
2459847.66923,2022-09-25.1695060,bq,1.50,16.793,14.572,0.028,5.385,0.140,g
2459847.67046,2022-09-25.1707337,bq,1.42,16.734,14.598,0.031,5.259,0.148,g
2459850.73530,2022-09-28.2358460,bA,2.05,17.012,14.512,0.022,5.688,0.115,g
2459850.73658,2022-09-28.2371145,bA,2.06,16.940,14.531,0.024,5.593,0.122,g
2459850.73784,2022-09-28.2383787,bA,2.07,17.074,14.464,0.020,5.950,0.109,g
2459851.55657,2022-09-29.0571798,bi,1.48,16.648,14.490,0.030,5.806,0.160,g
2459851.55783,2022-09-29.0584368,bi,1.49,16.571,14.548,0.034,5.507,0.172,g
2459851.55906,2022-09-29.0596718,bi,1.48,16.593,14.537,0.033,5.564,0.168,g
2459852.55510,2022-09-30.0558,bE,1.47,16.738,14.582,0.030,5.336,0.147,g
2459852.55640,2022-09-30.0571009,bE,1.51,16.643,14.562,0.032,5.431,0.161,g
2459852.55770,2022-09-30.0583995,bE,1.43,16.764,14.551,0.028,5.487,0.144,g
2459853.55166,2022-10-01.0524547,bE,1.45,16.657,14.562,0.032,5.434,0.158,g
2459853.55296,2022-10-01.0537530,bE,1.45,16.553,14.526,0.034,5.618,0.174,g
2459853.55424,2022-10-01.0550300,bE,1.54,16.687,14.577,0.031,5.362,0.154,g
2459854.52656,2022-10-02.0274292,bi,1.55,16.509,14.568,0.037,5.406,0.182,g
2459854.52779,2022-10-02.0286666,bi,1.48,16.427,14.600,0.041,5.249,0.196,g
2459854.52903,2022-10-02.0299052,bi,1.52,16.356,14.547,0.041,5.512,0.209,g
2459855.54267,2022-10-03.0436390,bE,1.47,16.503,14.584,0.037,5.328,0.183,g
2459855.54397,2022-10-03.0449391,bE,1.48,16.387,14.511,0.039,5.698,0.203,g
2459855.54526,2022-10-03.0462315,bE,1.39,16.411,14.597,0.041,5.265,0.199,g
2459857.48574,2022-10-04.9868737,bi,1.53,16.064,14.665,0.060,4.941,0.273,g
2459857.48699,2022-10-04.9881245,bi,1.57,16.181,14.620,0.052,5.150,0.245,g
2459857.48823,2022-10-04.9893637,bi,2.01,16.094,14.490,0.050,5.808,0.266,g
2459858.28719,2022-10-05.7884004,bm,1.62,15.681,14.593,0.080,5.279,0.388,g
2459858.28843,2022-10-05.7896449,bm,1.67,15.805,14.512,0.067,5.694,0.346,g
2459858.28967,2022-10-05.7908879,bm,1.60,15.707,14.779,0.093,4.451,0.379,g
2459863.71705,2022-10-11.2187244,bA,2.02,15.204,14.683,0.136,4.859,0.603,g
2459863.71830,2022-10-11.2199723,bA,2.06,15.838,14.545,0.066,5.526,0.338,g
2459863.71957,2022-10-11.2212410,bA,2.05,16.200,14.579,0.049,5.349,0.242,g
2459867.70091,2022-10-15.2029129,bA,2.06,16.263,14.623,0.048,5.139,0.228,g
2459867.70217,2022-10-15.2041734,bA,2.05,16.448,14.579,0.039,5.350,0.192,g
2459867.70342,2022-10-15.2054278,bA,2.05,16.557,14.453,0.032,6.008,0.174,g
2459869.49445,2022-10-16.9966027,bi,1.45,16.400,14.623,0.043,5.136,0.201,g
2459869.49567,2022-10-16.9978398,bi,1.42,16.611,14.557,0.033,5.463,0.165,g
2459869.49693,2022-10-16.9990824,bi,1.49,16.450,14.517,0.037,5.670,0.192,g
2459870.49874,2022-10-18.0009745,bi,1.66,16.585,14.503,0.032,5.734,0.169,g
2459870.49998,2022-10-18.0022177,bi,1.64,16.459,14.489,0.036,5.813,0.190,g
2459870.50125,2022-10-18.0034807,bi,1.60,16.547,14.572,0.035,5.385,0.175,g
2459871.49577,2022-10-18.9980920,bi,2.43,16.248,14.505,0.044,5.728,0.232,g
2459871.49701,2022-10-18.9993254,bi,2.36,16.432,14.531,0.038,5.596,0.196,g
2459871.49823,2022-10-19.0005473,bi,2.32,16.453,14.519,0.037,5.658,0.192,g
2459872.48845,2022-10-19.9908462,bi,1.61,15.550,14.469,0.081,5.918,0.438,g
2459872.48970,2022-10-19.9920964,bi,1.48,15.826,14.628,0.073,5.115,0.340,g
2459872.49095,2022-10-19.9933487,bi,1.57,15.978,14.584,0.061,5.326,0.296,g
2459874.54832,2022-10-22.0508829,bq,2.32,16.060,14.515,0.053,5.677,0.276,g
2459874.54956,2022-10-22.0521190,bq,2.29,16.120,14.631,0.056,5.102,0.261,g
2459874.55078,2022-10-22.0533410,bq,2.27,16.337,14.639,0.047,5.062,0.215,g
2459876.57337,2022-10-24.0760862,bq,1.47,16.742,14.640,0.032,5.060,0.148,g
2459876.57459,2022-10-24.0773104,bq,1.52,16.716,14.648,0.033,5.019,0.151,g
2459876.57579,2022-10-24.0785182,bq,1.50,16.666,14.653,0.034,5.001,0.157,g
2459880.56305,2022-10-28.0660696,bq,1.48,16.750,14.603,0.030,5.235,0.145,g
2459880.56429,2022-10-28.0673070,bq,1.52,16.695,14.537,0.030,5.563,0.153,g
2459880.56553,2022-10-28.06855,bq,1.43,16.674,14.599,0.032,5.254,0.156,g
2459893.53411,2022-11-10.0379887,bq,1.96,15.579,14.545,0.085,5.519,0.427,g
2459893.53534,2022-11-10.0392177,bq,1.57,15.816,14.639,0.074,5.063,0.343,g
2459968.16783,2023-01-23.6720989,bA,2.33,15.764,14.581,0.074,5.342,0.360,g
2459968.16910,2023-01-23.6733645,bA,2.42,15.621,14.588,0.085,5.304,0.411,g
2459989.89093,2023-02-14.3938019,bE,1.99,15.765,14.507,0.069,5.718,0.360,g
2459990.88579,2023-02-15.3885966,bE,1.63,16.344,14.634,0.045,5.087,0.212,g
2459990.88708,2023-02-15.3898807,bE,1.63,16.159,14.621,0.053,5.148,0.251,g
2459990.88836,2023-02-15.3911658,bE,1.56,16.160,14.598,0.052,5.258,0.250,g
2459997.63184,2023-02-22.1341107,bm,1.60,16.339,14.528,0.041,5.611,0.212,g
2459997.63307,2023-02-22.1353479,bm,1.53,16.274,14.549,0.045,5.502,0.225,g
2459997.63431,2023-02-22.1365863,bm,1.55,16.170,14.587,0.051,5.312,0.248,g
2459998.99073,2023-02-23.4928846,bq,1.65,16.277,14.680,0.051,4.878,0.228,g
2459998.99198,2023-02-23.4941380,bq,1.60,16.301,14.564,0.044,5.424,0.221,g
2459998.99325,2023-02-23.4954042,bq,1.60,16.487,14.490,0.036,5.810,0.188,g
2459999.63029,2023-02-24.1323937,bm,1.51,16.639,14.517,0.031,5.663,0.162,g
2459999.63153,2023-02-24.1336307,bm,1.53,16.467,14.633,0.040,5.089,0.189,g
2459999.63278,2023-02-24.1348796,bm,1.51,16.445,14.589,0.040,5.302,0.192,g
2460003.86578,2023-02-28.3675336,bE,1.62,16.700,14.616,0.032,5.169,0.153,g
2460003.86707,2023-02-28.3688216,bE,1.62,16.793,14.639,0.030,5.061,0.140,g
2460003.86835,2023-02-28.3701020,bE,1.61,16.711,14.620,0.032,5.150,0.151,g
2460006.94791,2023-03-03.4494004,bq,2.04,16.231,14.495,0.044,5.785,0.236,g
2460006.94914,2023-03-03.4506225,bq,2.08,16.156,14.676,0.056,4.893,0.252,g
2460006.95036,2023-03-03.4518406,bq,2.05,16.147,14.580,0.053,5.347,0.255,g
2460012.82778,2023-03-09.3287542,bE,1.55,15.909,14.582,0.064,5.341,0.315,g
2460012.82909,2023-03-09.3300554,bE,1.51,16.049,14.523,0.054,5.634,0.277,g
2460012.83038,2023-03-09.3313505,bE,1.51,15.922,14.654,0.068,4.997,0.311,g
2460020.01130,2023-03-16.5116224,bq,2.40,15.851,14.657,0.073,4.978,0.333,g
2460020.88170,2023-03-17.3819480,bi,1.40,16.584,14.497,0.032,5.768,0.170,g
2460020.88295,2023-03-17.3831972,bi,1.42,16.587,14.629,0.036,5.111,0.169,g
2460020.88418,2023-03-17.3844238,bi,1.42,16.653,14.582,0.032,5.338,0.159,g
2460021.81372,2023-03-18.3138825,bi,1.47,16.681,14.533,0.030,5.584,0.156,g
2460021.81495,2023-03-18.3151186,bi,1.53,16.618,14.601,0.034,5.244,0.165,g
2460021.81619,2023-03-18.3163502,bi,1.49,16.597,14.627,0.036,5.123,0.168,g
2460022.83478,2023-03-19.3348490,bE,1.52,16.788,14.581,0.029,5.340,0.141,g
2460022.83607,2023-03-19.3361384,bE,1.48,16.798,14.567,0.028,5.410,0.140,g
2460022.83735,2023-03-19.3374275,bE,1.61,16.876,14.579,0.026,5.350,0.130,g
2460023.82326,2023-03-20.3232401,bi,1.46,16.605,14.576,0.034,5.367,0.167,g
2460023.82450,2023-03-20.3244793,bi,1.45,16.582,14.571,0.034,5.389,0.170,g
2460023.82574,2023-03-20.3257200,bi,1.47,16.590,14.566,0.034,5.414,0.169,g
2460023.83849,2023-03-20.3384725,bi,1.40,16.682,14.554,0.031,5.478,0.155,g
2460023.83974,2023-03-20.3397164,bi,1.37,16.621,14.619,0.035,5.155,0.164,g
2460023.84098,2023-03-20.3409535,bi,1.41,16.601,14.597,0.035,5.261,0.167,g
2460025.60488,2023-03-22.1047006,bm,1.63,16.625,14.594,0.034,5.280,0.163,g
2460025.60625,2023-03-22.1060694,bm,1.63,16.637,14.554,0.032,5.471,0.162,g
2460025.60763,2023-03-22.1074473,bm,1.65,16.683,14.534,0.030,5.578,0.155,g
2460026.81009,2023-03-23.3098002,bi,1.60,16.620,14.603,0.034,5.234,0.164,g
2460026.81134,2023-03-23.3110501,bi,1.56,16.589,14.563,0.034,5.430,0.169,g
2460026.81259,2023-03-23.3123026,bi,1.60,16.625,14.590,0.034,5.297,0.164,g
2460030.00318,2023-03-26.5026069,bA,2.07,16.934,14.579,0.025,5.354,0.123,g
2460030.00443,2023-03-26.5038568,bA,2.08,16.839,14.557,0.027,5.461,0.134,g
2460030.00568,2023-03-26.5050997,bA,2.07,16.786,14.539,0.028,5.555,0.141,g
2460032.02827,2023-03-28.5275059,bA,2.08,16.675,14.505,0.030,5.731,0.157,g
2460032.02953,2023-03-28.5287782,bA,2.07,16.747,14.525,0.028,5.619,0.146,g
2460032.03082,2023-03-28.5300623,bA,2.06,16.739,14.514,0.028,5.681,0.148,g
2460034.60630,2023-03-31.1053112,bm,2.19,16.574,14.556,0.034,5.466,0.172,g
2460034.60757,2023-03-31.1065810,bm,2.20,16.585,14.493,0.032,5.791,0.169,g
2460034.60880,2023-03-31.1078128,bm,2.19,16.503,14.495,0.034,5.782,0.182,g
2460036.57472,2023-04-02.0735550,bm,1.46,16.681,14.480,0.029,5.862,0.155,g
2460036.57596,2023-04-02.0747998,bm,1.54,16.730,14.538,0.029,5.557,0.149,g
2460036.57720,2023-04-02.0760392,bm,1.47,16.783,14.517,0.027,5.661,0.142,g
2460037.90439,2023-04-03.4031100,bq,1.44,16.254,14.758,0.055,4.539,0.229,g
2460037.90561,2023-04-03.4043393,bq,1.51,16.295,14.447,0.040,6.038,0.221,g
2460037.90684,2023-04-03.4055577,bq,1.47,16.280,14.643,0.048,5.043,0.224,g
2460040.59978,2023-04-06.0982656,bm,1.54,15.840,14.476,0.062,5.879,0.336,g
2460040.60101,2023-04-06.0995025,bm,1.55,15.948,14.631,0.065,5.103,0.304,g
2460040.60226,2023-04-06.1007471,bm,1.48,15.933,14.640,0.067,5.061,0.308,g
2460044.50612,2023-04-10.0042839,bm,2.47,99.990,99.990,99.990,99.990,99.990,g
2460044.50760,2023-04-10.0057555,bm,2.49,99.990,99.990,99.990,99.990,99.990,g
2460044.50891,2023-04-10.0070615,bm,2.36,99.990,99.990,99.990,99.990,99.990,g
2460045.97921,2023-04-11.4772372,bq,1.48,16.287,14.621,0.047,5.144,0.223,g
2460045.98044,2023-04-11.4784710,bq,1.51,16.244,14.624,0.049,5.135,0.232,g
2460045.98165,2023-04-11.4796824,bq,1.44,16.194,14.677,0.054,4.889,0.242,g
2460047.77726,2023-04-13.2751324,bE,1.52,16.653,14.575,0.032,5.370,0.159,g
2460047.77856,2023-04-13.2764340,bE,1.49,16.494,14.596,0.038,5.270,0.184,g
2460047.77984,2023-04-13.2777190,bE,1.47,16.620,14.641,0.035,5.056,0.164,g
2460049.53983,2023-04-15.0375627,bm,2.00,16.564,14.552,0.034,5.485,0.172,g
2460049.54109,2023-04-15.0388223,bm,2.00,16.607,14.580,0.034,5.346,0.166,g
2460049.54233,2023-04-15.0400685,bm,2.00,16.565,14.587,0.035,5.314,0.172,g
2460051.94782,2023-04-17.4453605,bA,2.00,16.891,14.533,0.025,5.581,0.128,g
2460051.94909,2023-04-17.4466233,bA,1.98,16.820,14.605,0.028,5.226,0.137,g
2460051.95033,2023-04-17.4478690,bA,2.00,16.843,14.585,0.027,5.321,0.134,g
2460052.83784,2023-04-18.3353082,bE,1.49,16.812,14.561,0.027,5.437,0.138,g
2460052.83914,2023-04-18.3366047,bE,1.51,16.808,14.546,0.027,5.521,0.138,g
2460052.84042,2023-04-18.3378983,bE,1.49,16.797,14.516,0.027,5.671,0.140,g
2460056.93424,2023-04-22.4313896,bA,1.99,16.775,14.476,0.026,5.882,0.143,g
2460056.93549,2023-04-22.4326515,bA,2.01,16.658,14.491,0.030,5.802,0.159,g
2460056.93676,2023-04-22.4339149,bA,2.00,16.840,14.511,0.026,5.693,0.134,g
2460059.92651,2023-04-25.4234415,bA,1.98,16.734,14.559,0.029,5.449,0.148,g
2460059.92776,2023-04-25.4246938,bA,1.97,16.689,14.554,0.031,5.472,0.154,g
2460059.92901,2023-04-25.4259405,bA,1.99,16.728,14.456,0.027,5.993,0.149,g
2460061.79144,2023-04-27.2882375,bq,1.56,16.376,14.662,0.045,4.953,0.205,g
2460061.79267,2023-04-27.2894628,bq,1.55,16.380,14.477,0.038,5.879,0.205,g
2460061.79391,2023-04-27.2907078,bq,1.57,16.374,14.696,0.047,4.807,0.206,g
2460061.82569,2023-04-27.3224804,bq,1.49,16.650,14.658,0.035,4.977,0.160,g
2460061.82693,2023-04-27.3237231,bq,1.57,16.560,14.541,0.034,5.544,0.174,g
2460061.82816,2023-04-27.3249501,bq,1.60,16.642,14.659,0.035,4.969,0.161,g
2460063.77784,2023-04-29.2744843,bq,2.33,16.086,14.504,0.051,5.734,0.269,g
2460063.77907,2023-04-29.2757181,bq,2.39,16.241,14.546,0.046,5.517,0.234,g
2460063.78030,2023-04-29.2769460,bq,2.30,16.247,14.831,0.059,4.242,0.231,g
2460063.81944,2023-04-29.3160815,bq,1.58,16.384,14.570,0.041,5.396,0.204,g
2460063.82065,2023-04-29.3172953,bq,1.58,16.394,14.626,0.043,5.121,0.202,g
2460063.82189,2023-04-29.3185321,bq,1.53,16.422,14.520,0.038,5.651,0.197,g
2460064.82508,2023-04-30.3216548,bi,1.40,16.575,14.609,0.036,5.209,0.171,g
2460064.82632,2023-04-30.3228953,bi,1.44,16.505,14.488,0.034,5.819,0.182,g
2460064.82756,2023-04-30.3241416,bi,1.45,16.554,14.597,0.036,5.264,0.175,g
2460064.84677,2023-04-30.3433519,bE,1.46,16.747,14.538,0.029,5.556,0.146,g
2460064.84807,2023-04-30.3446530,bE,1.48,16.861,14.608,0.027,5.207,0.132,g
2460064.84937,2023-04-30.3459504,bE,1.49,16.740,14.558,0.029,5.455,0.147,g
2460065.80850,2023-05-01.3050091,bE,1.43,16.827,14.536,0.026,5.567,0.136,g
2460065.80979,2023-05-01.3062952,bE,1.50,16.932,14.554,0.024,5.476,0.123,g
2460065.81107,2023-05-01.3075820,bE,1.48,16.910,14.633,0.027,5.090,0.126,g
2460065.85600,2023-05-01.3525032,bE,1.48,16.891,14.640,0.027,5.062,0.128,g
2460065.85728,2023-05-01.3537892,bE,1.42,16.816,14.534,0.027,5.575,0.137,g
2460065.85858,2023-05-01.3550890,bE,1.46,16.878,14.592,0.027,5.287,0.130,g
2460067.91085,2023-05-03.4072181,bq,1.51,16.211,14.713,0.055,4.732,0.239,g
2460067.91208,2023-05-03.4084484,bq,1.53,16.047,14.714,0.064,4.727,0.278,g
2460067.91329,2023-05-03.4096549,bq,1.51,16.119,14.858,0.069,4.137,0.260,g
2460067.96996,2023-05-03.4663255,bq,1.50,16.328,14.570,0.043,5.393,0.215,g
2460067.97119,2023-05-03.4675556,bq,1.41,16.038,14.643,0.061,5.046,0.280,g
2460067.97242,2023-05-03.4687848,bq,1.43,15.881,14.723,0.075,4.689,0.323,g
2460068.85107,2023-05-04.3473813,bi,1.55,16.086,14.564,0.054,5.429,0.268,g
2460068.85231,2023-05-04.3486193,bi,1.50,16.089,14.585,0.055,5.321,0.267,g
2460068.85354,2023-05-04.3498469,bi,1.60,16.102,14.495,0.050,5.781,0.264,g
2460070.79386,2023-05-06.2900449,bq,2.50,15.238,14.843,0.152,4.197,0.584,g
2460070.79509,2023-05-06.2912737,bq,1.34,15.373,14.453,0.094,6.007,0.517,g
2460072.43050,2023-05-07.9265869,bm,1.66,15.601,14.438,0.075,6.093,0.418,g
2460072.43175,2023-05-07.9278407,bm,2.22,15.529,14.538,0.088,5.558,0.447,g
2460072.43300,2023-05-07.9290875,bm,1.97,15.550,14.641,0.095,5.053,0.438,g
2460074.02127,2023-05-09.5172523,bA,2.11,16.212,14.574,0.049,5.374,0.239,g
2460074.02253,2023-05-09.5185119,bA,2.10,16.290,14.541,0.044,5.541,0.222,g
2460074.02378,2023-05-09.5197633,bA,2.10,16.203,14.492,0.045,5.795,0.241,g
2460074.91276,2023-05-10.4086923,bq,1.48,16.070,14.561,0.055,5.439,0.272,g
2460074.91399,2023-05-10.4099258,bq,1.48,16.050,14.624,0.059,5.133,0.276,g
2460074.91520,2023-05-10.4111457,bq,1.43,16.243,14.638,0.050,5.065,0.232,g
2460076.08778,2023-05-11.5836479,bA,2.03,16.502,14.587,0.038,5.310,0.183,g
2460076.08903,2023-05-11.5848954,bA,2.03,16.643,14.484,0.030,5.841,0.161,g
2460076.09029,2023-05-11.5861583,bA,2.02,16.497,14.388,0.031,6.377,0.184,g
2460080.68214,2023-05-16.1777618,bE,1.52,16.809,14.602,0.029,5.240,0.139,g
2460084.67834,2023-05-20.1737718,bi,1.45,99.990,99.990,99.990,99.990,99.990,g
2460084.67957,2023-05-20.1750072,bi,1.64,99.990,99.990,99.990,99.990,99.990,g
2460084.68081,2023-05-20.1762489,bi,1.48,99.990,99.990,99.990,99.990,99.990,g
2460086.03884,2023-05-21.5342131,bA,2.04,16.963,14.547,0.024,5.511,0.120,g
2460086.04012,2023-05-21.5354833,bA,2.05,17.031,14.566,0.023,5.419,0.113,g
2460086.04137,2023-05-21.5367461,bA,2.03,17.084,14.593,0.022,5.281,0.108,g
2460086.92745,2023-05-22.4227787,bq,1.45,16.747,14.671,0.032,4.916,0.146,g
2460086.92868,2023-05-22.4240062,bq,1.50,16.727,14.592,0.031,5.286,0.149,g
2460086.92991,2023-05-22.4252343,bq,1.43,16.779,14.615,0.030,5.176,0.142,g
2460087.93052,2023-05-23.4258002,bq,2.35,16.701,14.653,0.033,4.999,0.153,g
2460088.66216,2023-05-24.1574204,bi,1.69,16.574,14.554,0.034,5.473,0.171,g
2460088.66340,2023-05-24.1586621,bi,1.61,16.717,14.569,0.030,5.401,0.150,g
2460088.66463,2023-05-24.1598885,bi,1.60,16.647,14.479,0.030,5.866,0.160,g
2460088.92362,2023-05-24.4188743,bq,1.43,15.307,14.452,0.101,6.013,0.553,g
2460088.92485,2023-05-24.4201031,bq,1.42,15.872,14.575,0.069,5.370,0.338,g
2460088.92609,2023-05-24.4213449,bq,1.48,99.990,99.990,99.990,99.990,99.990,g
2460089.67573,2023-05-25.1709409,bE,1.49,16.799,14.525,0.027,5.624,0.140,g
2460089.67702,2023-05-25.1722373,bE,1.47,16.872,14.621,0.027,5.149,0.130,g
2460089.67830,2023-05-25.1735157,bE,1.43,16.773,14.542,0.028,5.536,0.143,g
2460089.85764,2023-05-25.3528462,bD,1.51,15.567,>15.567,99.990,1.044,0.431,g
2460090.95079,2023-05-26.4459687,bA,2.05,17.021,14.574,0.023,5.380,0.114,g
2460090.95206,2023-05-26.4472269,bA,2.05,16.971,14.547,0.023,5.510,0.119,g
2460090.95332,2023-05-26.4484944,bA,2.06,17.038,14.515,0.021,5.678,0.112,g
2460091.74157,2023-05-27.2367096,bi,1.45,16.652,14.521,0.031,5.647,0.160,g
2460091.74282,2023-05-27.2379594,bi,1.47,16.706,14.568,0.030,5.406,0.152,g
2460091.74405,2023-05-27.2391931,bi,1.40,16.761,14.603,0.030,5.232,0.144,g
2460091.93920,2023-05-27.4343305,bA,2.02,16.815,14.539,0.027,5.550,0.138,g
2460091.94046,2023-05-27.4355891,bA,2.01,16.818,14.524,0.026,5.627,0.137,g
2460091.94171,2023-05-27.4368427,bA,2.02,16.889,14.523,0.025,5.633,0.129,g
2460092.74590,2023-05-28.2410125,bi,1.53,16.382,14.598,0.042,5.257,0.205,g
2460092.74716,2023-05-28.2422646,bi,1.47,16.454,14.512,0.037,5.693,0.191,g
2460092.74841,2023-05-28.2435081,bi,1.51,16.370,14.672,0.046,4.911,0.207,g
2460092.91657,2023-05-28.4116666,bA,2.02,15.368,14.446,0.094,6.050,0.519,g
2460092.91783,2023-05-28.4129292,bA,2.03,15.445,14.671,0.107,4.913,0.483,g
2460092.91910,2023-05-28.4141950,bA,2.04,15.467,14.502,0.090,5.741,0.473,g
2460093.88976,2023-05-29.3848293,bA,2.02,16.656,14.523,0.031,5.636,0.159,g
2460093.89101,2023-05-29.3860818,bA,2.03,16.592,14.585,0.034,5.322,0.169,g
2460093.89227,2023-05-29.3873328,bA,2.04,16.467,14.552,0.038,5.486,0.189,g
2460094.89822,2023-05-30.3932549,bA,2.26,14.740,14.591,0.191,5.290,0.924,g
2460094.89948,2023-05-30.3945152,bA,2.16,99.990,99.990,99.990,99.990,99.990,g
2460094.90075,2023-05-30.3957829,bA,2.28,99.990,99.990,99.990,99.990,99.990,g
2460095.90238,2023-05-31.3973761,bA,2.09,16.347,14.548,0.042,5.509,0.211,g
2460095.90365,2023-05-31.3986424,bA,2.05,16.352,14.522,0.041,5.642,0.210,g
2460095.90491,2023-05-31.3999019,bA,2.07,16.483,14.567,0.038,5.410,0.187,g
2460096.65869,2023-06-01.1536763,bE,1.50,16.309,14.582,0.045,5.340,0.218,g
2460096.65998,2023-06-01.1549656,bE,1.45,16.292,14.554,0.044,5.477,0.222,g
2460096.66127,2023-06-01.1562475,bE,1.52,16.316,14.541,0.043,5.546,0.217,g
2460097.69567,2023-06-02.1906160,bi,1.42,15.929,14.488,0.058,5.816,0.309,g
2460097.69691,2023-06-02.1918583,bi,1.40,15.998,14.660,0.064,4.964,0.290,g
2460097.69814,2023-06-02.1930875,bi,1.49,16.095,14.562,0.053,5.436,0.265,g
2460098.65104,2023-06-03.1459696,bE,1.49,15.946,14.489,0.057,5.817,0.305,g
2460098.65233,2023-06-03.1472569,bE,1.49,15.958,14.595,0.062,5.270,0.301,g
2460098.65363,2023-06-03.1485593,bE,1.48,16.078,14.571,0.055,5.393,0.270,g
2460098.84635,2023-06-03.3412604,bq,1.51,15.484,14.318,0.075,6.802,0.466,g
2460098.84757,2023-06-03.3424906,bq,1.50,15.473,14.979,0.139,3.702,0.470,g
2460098.84881,2023-06-03.3437186,bq,1.48,15.376,14.437,0.092,6.096,0.515,g
2460101.62634,2023-06-06.1211902,bi,1.50,15.754,14.583,0.075,5.332,0.363,g
2460101.62759,2023-06-06.1224413,bi,1.52,15.779,14.649,0.077,5.019,0.355,g
2460101.62882,2023-06-06.1236771,bi,1.43,15.806,14.445,0.063,6.056,0.347,g
2460101.81736,2023-06-06.3122128,bq,1.48,15.292,14.922,0.156,3.902,0.556,g
2460101.81860,2023-06-06.3134439,bq,1.53,15.150,14.779,0.156,4.448,0.634,g
2460101.81982,2023-06-06.3146694,bq,1.50,15.377,14.943,0.147,3.827,0.514,g
2460102.88516,2023-06-07.3799864,bq,1.51,16.067,14.778,0.067,4.457,0.272,g
2460102.88640,2023-06-07.3812223,bq,1.53,16.001,14.632,0.062,5.095,0.289,g
2460102.88764,2023-06-07.3824571,bq,1.44,15.992,14.338,0.048,6.686,0.292,g
2460103.88496,2023-06-08.3797549,bA,2.03,16.898,14.551,0.025,5.493,0.128,g
2460103.88622,2023-06-08.3810189,bA,2.04,16.973,14.585,0.024,5.322,0.120,g
2460103.88749,2023-06-08.3822902,bA,2.05,16.865,14.526,0.025,5.617,0.132,g
2460104.95414,2023-06-09.4489144,bA,2.30,16.770,14.600,0.030,5.249,0.144,g
2460104.95538,2023-06-09.4501646,bA,2.29,16.571,14.566,0.035,5.417,0.172,g
2460104.95664,2023-06-09.4514197,bA,2.24,16.668,14.578,0.032,5.355,0.157,g
2460108.92713,2023-06-13.4218549,bq,1.75,99.990,99.990,99.990,99.990,99.990,g
2460108.92836,2023-06-13.4230876,bq,1.53,15.022,14.923,0.200,3.898,0.713,g
2460108.92960,2023-06-13.4243167,bq,1.65,15.253,14.533,0.114,5.585,0.581,g
2460109.79142,2023-06-14.2861424,bA,2.04,16.882,14.537,0.025,5.562,0.129,g
2460109.79268,2023-06-14.2874067,bA,2.01,16.885,14.589,0.026,5.301,0.129,g
2460109.79394,2023-06-14.2886603,bA,2.01,16.845,14.531,0.026,5.592,0.134,g
2460110.73414,2023-06-15.2288564,bi,1.40,16.451,14.515,0.037,5.675,0.192,g
2460110.73538,2023-06-15.2300971,bi,1.43,16.613,14.559,0.033,5.450,0.165,g
2460110.73661,2023-06-15.2313260,bi,1.39,16.641,14.499,0.030,5.761,0.161,g
2460110.77131,2023-06-15.2660207,bE,1.56,16.821,14.549,0.027,5.504,0.137,g
2460110.77260,2023-06-15.2673081,bE,1.52,16.838,14.568,0.027,5.408,0.135,g
2460110.77389,2023-06-15.2685997,bE,1.50,16.857,14.535,0.026,5.574,0.132,g
2460111.70172,2023-06-16.1964234,bi,1.47,16.719,14.561,0.030,5.443,0.150,g
2460111.70296,2023-06-16.1976674,bi,1.57,16.725,14.532,0.029,5.588,0.149,g
2460111.70420,2023-06-16.1989033,bi,1.52,16.771,14.581,0.029,5.345,0.143,g
2460112.92819,2023-06-17.4228846,bq,1.50,15.993,14.646,0.063,5.032,0.292,g
2460112.92943,2023-06-17.4241228,bq,1.57,15.788,14.571,0.071,5.388,0.353,g
2460112.93067,2023-06-17.4253598,bq,1.53,15.397,14.786,0.125,4.425,0.505,g
2460114.79289,2023-06-19.2875744,bA,1.99,16.921,14.510,0.024,5.699,0.125,g
2460114.79414,2023-06-19.2888269,bA,1.98,16.859,14.550,0.026,5.499,0.132,g
2460114.79539,2023-06-19.2900806,bA,1.99,16.896,14.547,0.025,5.514,0.128,g
2460117.91570,2023-06-22.4103775,bA,2.05,16.991,14.527,0.023,5.613,0.118,g
2460117.91696,2023-06-22.4116391,bA,2.03,16.958,14.509,0.023,5.705,0.121,g
2460117.91821,2023-06-22.4128938,bA,2.04,16.981,14.532,0.023,5.591,0.118,g
2460117.99280,2023-06-22.4874789,bA,2.01,16.929,14.484,0.023,5.840,0.124,g
2460117.99405,2023-06-22.4887327,bA,2.04,16.989,14.506,0.022,5.721,0.118,g
2460117.99530,2023-06-22.4899828,bA,2.01,16.993,14.541,0.023,5.541,0.117,g
2460121.54453,2023-06-26.0392320,bE,1.48,16.645,14.589,0.033,5.305,0.161,g
2460121.54584,2023-06-26.0405416,bE,1.46,16.665,14.488,0.029,5.818,0.158,g
2460122.80951,2023-06-27.3042201,bA,2.28,16.581,14.515,0.033,5.678,0.170,g
2460122.81078,2023-06-27.3054901,bA,2.26,16.453,14.487,0.036,5.825,0.191,g
2460122.81203,2023-06-27.3067376,bA,2.25,16.574,14.581,0.035,5.340,0.171,g
2460122.87568,2023-06-27.3703957,bA,2.20,16.784,14.567,0.028,5.409,0.141,g
2460122.87695,2023-06-27.3716621,bA,2.16,16.701,14.516,0.029,5.667,0.153,g
2460122.87821,2023-06-27.3729145,bA,2.12,16.774,14.541,0.028,5.542,0.143,g
2460124.56007,2023-06-29.0548060,bi,1.50,16.095,14.485,0.050,5.834,0.266,g
2460124.56133,2023-06-29.0560622,bi,1.41,16.237,14.668,0.052,4.928,0.233,g
2460124.56257,2023-06-29.0573099,bi,1.45,16.226,14.547,0.047,5.513,0.236,g
2460126.53379,2023-07-01.0285562,bi,1.47,15.690,14.543,0.076,5.528,0.385,g
2460126.53503,2023-07-01.0297945,bi,1.51,15.628,14.420,0.072,6.194,0.408,g
2460126.53628,2023-07-01.0310384,bi,1.52,15.863,14.584,0.067,5.326,0.328,g
2460129.67136,2023-07-04.1661682,bi,1.52,15.535,14.567,0.090,5.413,0.444,g
2460129.67260,2023-07-04.1674094,bi,1.50,15.614,14.623,0.088,5.136,0.413,g
2460129.67385,2023-07-04.1686603,bi,1.55,15.674,14.571,0.079,5.387,0.391,g
2460131.90854,2023-07-06.4034078,bA,2.07,16.484,14.578,0.038,5.354,0.186,g
2460131.90981,2023-07-06.4046652,bA,2.07,16.445,14.530,0.038,5.593,0.193,g
2460131.91106,2023-07-06.4059174,bA,2.06,16.477,14.529,0.036,5.604,0.187,g
2460132.64214,2023-07-07.1370216,bE,1.33,13.884,>13.884,99.990,5.471,2.031,g
2460132.64343,2023-07-07.1383077,bE,1.49,14.186,>14.186,99.990,4.699,1.538,g
2460132.64471,2023-07-07.1395907,bE,1.25,14.307,>14.307,99.990,6.372,1.377,g
2460133.78147,2023-07-08.2763695,bi,1.52,16.332,14.615,0.045,5.173,0.214,g
2460133.78270,2023-07-08.2775991,bi,1.60,16.303,14.522,0.042,5.637,0.220,g
2460133.78393,2023-07-08.2788290,bi,1.54,16.283,14.588,0.046,5.308,0.223,g
2460136.79233,2023-07-11.2873261,bi,2.01,16.454,14.524,0.037,5.626,0.192,g
2460136.79357,2023-07-11.2885656,bi,1.54,16.374,14.552,0.041,5.482,0.206,g
2460136.79481,2023-07-11.2898050,bi,1.50,16.475,14.662,0.041,4.956,0.188,g
2460139.61731,2023-07-14.1123931,bi,1.41,16.720,14.550,0.030,5.495,0.150,g
2460139.61856,2023-07-14.1136347,bi,1.44,16.703,14.546,0.030,5.515,0.152,g
2460139.61980,2023-07-14.1148774,bi,1.38,16.699,14.531,0.030,5.590,0.153,g
2460139.63267,2023-07-14.1277496,bi,1.42,16.717,14.540,0.029,5.546,0.150,g
2460139.63392,2023-07-14.1289964,bi,1.45,16.688,14.545,0.030,5.517,0.154,g
2460139.63516,2023-07-14.1302361,bi,1.41,16.661,14.524,0.031,5.626,0.158,g
2460141.96338,2023-07-16.4585351,bA,2.05,16.958,14.517,0.023,5.662,0.121,g
2460141.96463,2023-07-16.4597820,bA,2.06,16.919,14.520,0.024,5.647,0.125,g
2460141.96588,2023-07-16.4610364,bA,2.06,16.901,14.557,0.025,5.462,0.127,g
2460143.53069,2023-07-18.0259053,bm,2.25,16.429,14.568,0.039,5.403,0.196,g
2460143.53192,2023-07-18.0271329,bm,2.21,16.456,14.510,0.036,5.703,0.191,g
2460143.53314,2023-07-18.0283592,bm,2.25,16.470,14.467,0.035,5.931,0.188,g
2460147.65147,2023-07-22.1468601,bi,1.45,16.698,14.544,0.030,5.526,0.153,g
2460147.65270,2023-07-22.1480939,bi,1.45,16.713,14.524,0.029,5.625,0.151,g
2460147.65392,2023-07-22.1493123,bi,1.45,16.670,14.554,0.031,5.475,0.157,g
2460149.93367,2023-07-24.4291653,bA,2.04,16.959,14.546,0.024,5.512,0.120,g
2460149.93491,2023-07-24.4304085,bA,2.05,16.918,14.572,0.025,5.385,0.125,g
2460149.93615,2023-07-24.4316493,bA,2.04,16.976,14.567,0.024,5.412,0.119,g
2460151.66384,2023-07-26.1594174,bE,1.54,16.689,14.565,0.031,5.420,0.154,g
2460151.66514,2023-07-26.1607158,bE,1.53,16.555,14.572,0.035,5.382,0.174,g
2460151.66644,2023-07-26.1620120,bE,1.47,16.447,14.520,0.037,5.651,0.193,g
2460151.68901,2023-07-26.1845935,bi,1.53,14.546,>14.546,99.990,2.855,1.104,g
2460151.69024,2023-07-26.1858232,bi,1.66,14.164,>14.164,99.990,4.462,1.570,g
2460151.69145,2023-07-26.1870425,bi,1.59,15.064,14.793,0.171,4.395,0.686,g
2460151.73466,2023-07-26.2302373,bE,1.48,16.773,14.573,0.029,5.380,0.143,g
2460151.73597,2023-07-26.2315517,bE,1.51,16.778,14.573,0.029,5.381,0.142,g
2460151.73726,2023-07-26.2328501,bE,1.57,16.844,14.588,0.027,5.308,0.134,g
2460154.57477,2023-07-29.0705013,bE,1.44,16.319,14.524,0.042,5.633,0.216,g
2460154.57610,2023-07-29.0718258,bE,1.45,16.373,14.593,0.042,5.281,0.206,g
2460154.57739,2023-07-29.0731233,bE,1.57,16.495,14.601,0.038,5.243,0.184,g
2460156.50814,2023-07-31.0039734,bi,1.46,16.003,14.525,0.056,5.628,0.289,g
2460156.50935,2023-07-31.0051916,bi,1.44,15.923,14.658,0.068,4.973,0.311,g
2460156.51059,2023-07-31.0064302,bi,1.48,15.890,14.515,0.062,5.680,0.320,g
2460157.56481,2023-08-01.0607055,bi,1.41,16.081,14.585,0.055,5.322,0.269,g
2460157.56604,2023-08-01.0619309,bi,1.48,15.861,14.521,0.064,5.646,0.329,g
2460157.56725,2023-08-01.0631539,bi,1.50,15.822,14.494,0.064,5.788,0.341,g
2460159.67259,2023-08-03.1686008,bE,1.52,16.138,14.614,0.054,5.182,0.255,g
2460159.67390,2023-08-03.1699148,bE,1.43,16.142,14.581,0.052,5.341,0.254,g
2460159.67520,2023-08-03.1712129,bE,1.48,16.142,14.597,0.053,5.262,0.254,g
2460161.22662,2023-08-04.7227273,bm,2.08,16.619,14.537,0.032,5.559,0.165,g
2460161.22786,2023-08-04.7239690,bm,2.05,16.591,14.512,0.032,5.690,0.170,g
2460161.22910,2023-08-04.7252086,bm,2.06,16.640,14.574,0.033,5.374,0.163,g
2460161.90198,2023-08-05.3981275,bA,2.02,16.548,14.507,0.033,5.714,0.176,g
2460161.90323,2023-08-05.3993762,bA,2.03,16.375,14.520,0.040,5.648,0.205,g
2460161.90447,2023-08-05.4006172,bA,2.03,16.435,14.544,0.038,5.526,0.195,g
2460163.89113,2023-08-07.3874001,bA,2.22,16.763,14.527,0.028,5.616,0.144,g
2460163.89237,2023-08-07.3886408,bA,2.18,16.725,14.534,0.029,5.580,0.149,g
2460163.89362,2023-08-07.3898956,bA,2.19,16.882,14.542,0.025,5.539,0.129,g
2460171.87435,2023-08-15.3711599,bA,2.00,16.998,14.646,0.025,5.031,0.116,g
2460171.87560,2023-08-15.3724145,bA,1.99,16.934,14.584,0.025,5.327,0.123,g
2460171.87685,2023-08-15.3736612,bA,2.01,16.979,14.543,0.023,5.536,0.119,g
2460180.75753,2023-08-24.2550074,bA,2.02,16.752,14.561,0.029,5.440,0.146,g
2460180.75876,2023-08-24.2562410,bA,2.03,16.792,14.502,0.027,5.744,0.141,g
2460180.76000,2023-08-24.2574872,bA,2.04,16.700,14.500,0.029,5.754,0.153,g
2460186.77970,2023-08-30.2776809,bA,2.06,16.086,14.455,0.049,6.002,0.268,g
2460186.78094,2023-08-30.2789225,bA,2.09,16.037,14.511,0.054,5.697,0.280,g
2460186.78219,2023-08-30.2801747,bA,2.07,15.982,14.621,0.063,5.147,0.294,g
2460191.25184,2023-09-03.7501935,bm,2.21,16.585,14.565,0.034,5.420,0.170,g
2460191.25308,2023-09-03.7514309,bm,2.21,99.990,99.990,99.990,99.990,99.990,g
2460191.25430,2023-09-03.7526550,bm,2.22,99.990,99.990,99.990,99.990,99.990,g
2460194.80076,2023-09-07.2994075,bA,1.98,16.821,14.520,0.026,5.649,0.137,g
2460194.80200,2023-09-07.3006498,bA,1.98,16.714,14.576,0.030,5.368,0.151,g
2460194.80323,2023-09-07.3018828,bA,2.04,16.794,14.571,0.028,5.390,0.140,g
2460200.75164,2023-09-13.2508131,bA,2.28,16.882,14.511,0.025,5.698,0.129,g
2460200.75289,2023-09-13.2520670,bA,2.28,16.814,14.491,0.026,5.805,0.138,g
2460200.75413,2023-09-13.2533006,bA,2.08,16.995,14.528,0.022,5.610,0.117,g
2460201.81790,2023-09-14.3171704,bA,2.01,16.922,14.528,0.024,5.612,0.125,g
2460201.81915,2023-09-14.3184145,bA,2.03,16.882,14.504,0.024,5.734,0.130,g
2460201.82038,2023-09-14.3196506,bA,2.01,16.891,14.536,0.025,5.571,0.128,g
2460205.74780,2023-09-18.2474201,bA,2.12,16.994,14.540,0.023,5.547,0.117,g
2460205.74904,2023-09-18.2486634,bA,2.12,16.948,14.579,0.025,5.347,0.122,g
2460205.75028,2023-09-18.2499030,bA,2.12,16.992,14.545,0.023,5.522,0.117,g
2460208.79993,2023-09-21.2998202,bA,2.33,16.864,14.603,0.027,5.231,0.131,g
2460208.80118,2023-09-21.3010703,bA,2.32,16.739,14.602,0.031,5.238,0.147,g
2460208.80243,2023-09-21.3023216,bA,2.30,16.655,14.551,0.032,5.490,0.159,g
2460215.74653,2023-09-28.2470424,bA,2.06,16.154,14.515,0.048,5.676,0.252,g
2460215.74777,2023-09-28.2482840,bA,2.06,16.174,14.537,0.049,5.561,0.247,g
2460215.74902,2023-09-28.2495396,bA,2.06,16.159,14.439,0.045,6.087,0.251,g
2460219.75118,2023-10-02.2520510,bA,2.03,16.882,14.540,0.025,5.543,0.129,g
2460219.75243,2023-10-02.2533032,bA,2.02,16.835,14.532,0.026,5.586,0.135,g
2460219.75366,2023-10-02.2545405,bA,2.04,16.843,14.527,0.026,5.611,0.134,g
2460222.72637,2023-10-05.2275171,bA,2.14,16.916,14.495,0.023,5.780,0.126,g
2460222.72763,2023-10-05.2287613,bA,2.13,16.964,14.538,0.023,5.558,0.121,g
2460222.72887,2023-10-05.2300069,bA,2.11,16.889,14.488,0.024,5.818,0.129,g
2460225.49477,2023-10-07.9961403,bE,2.10,16.614,14.521,0.032,5.644,0.165,g
2460225.49604,2023-10-07.9974121,bE,2.05,16.697,14.534,0.030,5.574,0.153,g
2460225.49729,2023-10-07.9986740,bE,2.04,16.706,14.577,0.031,5.362,0.152,g
2460227.59977,2023-10-10.1013296,bq,1.53,16.826,14.556,0.027,5.466,0.135,g
2460227.60099,2023-10-10.1025539,bq,1.51,16.805,14.552,0.027,5.487,0.138,g
2460227.60222,2023-10-10.1037851,bq,1.48,16.764,14.579,0.029,5.352,0.143,g
2460228.50751,2023-10-11.0091452,bE,1.48,16.797,14.543,0.027,5.533,0.140,g
2460228.50879,2023-10-11.0104208,bE,1.44,16.714,14.567,0.030,5.406,0.150,g
2460228.51005,2023-10-11.0116859,bE,1.45,16.814,14.538,0.027,5.555,0.138,g
2460229.51970,2023-10-12.0214233,bi,1.37,16.736,14.541,0.029,5.544,0.148,g
2460229.52093,2023-10-12.0226512,bi,1.46,16.637,14.585,0.033,5.324,0.162,g
2460229.52213,2023-10-12.0238579,bi,1.40,16.664,14.601,0.033,5.242,0.157,g
2460229.74512,2023-10-12.2468582,bA,1.67,14.800,>14.800,99.990,4.337,0.877,g
2460229.74634,2023-10-12.2480788,bA,1.78,14.278,>14.278,99.990,6.477,1.420,g
2460229.74759,2023-10-12.2493278,bA,1.80,13.952,>13.952,99.990,2.361,1.908,g
2460230.51475,2023-10-13.0165605,bi,1.46,16.784,14.656,0.031,4.985,0.141,g
2460230.51598,2023-10-13.0177893,bi,1.42,16.530,14.585,0.036,5.321,0.178,g
2460230.51720,2023-10-13.0190030,bi,1.45,16.609,14.520,0.032,5.647,0.166,g
2460231.51413,2023-10-14.0160287,bi,1.47,16.664,14.560,0.031,5.446,0.157,g
2460231.51535,2023-10-14.0172415,bi,1.41,16.614,14.597,0.034,5.264,0.165,g
2460231.51657,2023-10-14.0184613,bi,1.46,16.721,14.634,0.032,5.087,0.150,g
2460233.58909,2023-10-16.0911591,bq,1.47,16.753,14.556,0.029,5.465,0.145,g
2460233.59031,2023-10-16.0923773,bq,1.48,16.765,14.579,0.029,5.351,0.143,g
2460233.59154,2023-10-16.0936017,bq,1.46,16.768,14.559,0.029,5.450,0.143,g
2460235.58687,2023-10-18.0890966,bq,1.48,16.803,14.594,0.029,5.279,0.138,g
2460235.58809,2023-10-18.0903128,bq,1.41,16.814,14.582,0.028,5.339,0.137,g
2460235.58930,2023-10-18.0915349,bq,1.45,16.734,14.557,0.029,5.460,0.147,g
2460236.59228,2023-10-19.0945876,bq,1.47,16.734,14.651,0.032,5.007,0.147,g
2460236.59349,2023-10-19.0958027,bq,1.42,16.634,14.555,0.032,5.469,0.162,g
2460236.59475,2023-10-19.0970577,bq,1.50,16.726,14.516,0.029,5.671,0.149,g
2460237.59275,2023-10-20.0951436,bq,1.46,16.607,14.591,0.034,5.293,0.166,g
2460237.59398,2023-10-20.0963725,bq,1.52,16.672,14.546,0.031,5.519,0.156,g
2460237.59520,2023-10-20.0975871,bq,1.42,16.554,14.577,0.035,5.361,0.174,g
2460240.49091,2023-10-22.9935186,bE,2.16,15.546,14.450,0.080,6.027,0.440,g
2460240.49218,2023-10-22.9947903,bE,2.08,15.663,14.520,0.076,5.651,0.396,g
2460243.57352,2023-10-26.0763760,bq,1.44,16.065,14.535,0.054,5.572,0.273,g
2460243.57475,2023-10-26.0776013,bq,1.51,16.104,14.519,0.051,5.658,0.263,g
2460243.57596,2023-10-26.0788105,bq,1.48,16.118,14.601,0.054,5.246,0.260,g
2460250.55080,2023-11-02.0541521,bq,2.19,16.590,14.555,0.034,5.468,0.168,g
2460250.55202,2023-11-02.0553704,bq,2.15,16.804,14.632,0.030,5.095,0.138,g
2460250.55325,2023-11-02.0566006,bq,2.17,16.667,14.553,0.031,5.481,0.157,g
2460253.54658,2023-11-05.0501315,bq,1.43,16.328,14.581,0.044,5.342,0.214,g
2460253.54781,2023-11-05.0513620,bq,1.46,16.507,14.604,0.038,5.228,0.182,g
2460253.54904,2023-11-05.0525899,bq,1.51,16.415,14.652,0.043,5.004,0.198,g
2460257.53351,2023-11-09.0373064,bq,2.24,99.990,99.990,99.990,99.990,99.990,g
2460257.53472,2023-11-09.0385216,bq,2.35,99.990,99.990,99.990,99.990,99.990,g
2460257.53595,2023-11-09.0397528,bq,2.50,99.990,99.990,99.990,99.990,99.990,g
2460338.01664,2024-01-28.5206565,bq,1.54,15.908,14.511,0.062,5.694,0.320,g
2460338.01785,2024-01-28.5218716,bq,1.55,15.882,14.564,0.066,5.429,0.328,g
2460338.01907,2024-01-28.5230916,bq,1.51,15.832,14.532,0.067,5.589,0.343,g
2460358.12317,2024-02-17.6258209,bA,2.14,16.888,14.634,0.027,5.090,0.129,g
2460358.12441,2024-02-17.6270534,bA,2.16,16.834,14.653,0.029,5.003,0.135,g
2460358.12565,2024-02-17.6283012,bA,2.17,16.885,14.638,0.028,5.068,0.129,g
2460360.13332,2024-02-19.6358085,bA,2.12,16.927,14.609,0.026,5.205,0.124,g
2460360.13457,2024-02-19.6370609,bA,2.08,16.919,14.619,0.026,5.158,0.125,g
2460360.13581,2024-02-19.6382982,bA,2.06,16.906,14.637,0.027,5.073,0.126,g
2460362.09139,2024-02-21.5937229,bA,2.04,15.935,14.621,0.065,5.149,0.307,g
2460362.09264,2024-02-21.5949732,bA,2.03,16.044,14.658,0.061,4.974,0.278,g
2460362.09389,2024-02-21.5962232,bA,2.04,15.989,14.665,0.065,4.944,0.293,g
2460362.88369,2024-02-22.3859655,bi,1.46,16.478,14.673,0.041,4.905,0.187,g
2460362.88492,2024-02-22.3871908,bi,1.44,16.510,14.622,0.038,5.141,0.182,g
2460362.88616,2024-02-22.3884314,bi,1.48,16.478,14.617,0.039,5.165,0.187,g
2460363.63877,2024-02-23.1409829,bm,1.47,15.787,14.637,0.076,5.076,0.353,g
2460363.64000,2024-02-23.1422086,bm,1.99,15.502,14.546,0.091,5.518,0.458,g
2460363.64123,2024-02-23.1434378,bm,2.12,15.065,14.823,0.175,4.275,0.684,g
2460364.63047,2024-02-24.1325968,bm,2.01,15.771,15.108,0.119,3.288,0.357,g
2460364.63170,2024-02-24.1338234,bm,1.98,15.666,14.543,0.078,5.532,0.394,g
2460364.63294,2024-02-24.1350666,bm,2.02,15.680,14.413,0.068,6.235,0.390,g
2460364.86565,2024-02-24.3677550,bE,1.47,15.738,14.554,0.074,5.476,0.369,g
2460364.86692,2024-02-24.3690288,bE,1.49,15.947,14.644,0.066,5.036,0.305,g
2460364.86821,2024-02-24.3703166,bE,1.52,15.766,14.706,0.083,4.761,0.359,g
2460366.96336,2024-02-26.4652972,bq,1.56,16.266,14.715,0.053,4.718,0.227,g
2460367.87524,2024-02-27.3771032,bE,1.44,16.331,14.692,0.048,4.824,0.214,g
2460367.87652,2024-02-27.3783796,bE,1.49,16.361,14.687,0.047,4.841,0.208,g
2460367.87779,2024-02-27.3796537,bE,1.50,16.221,14.672,0.053,4.912,0.236,g
2460371.15612,2024-03-01.6576962,bA,2.18,14.958,14.445,0.137,6.058,0.756,g
2460371.15737,2024-03-01.6589437,bA,2.22,14.417,>14.417,99.990,2.817,1.242,g
2460371.15861,2024-03-01.6601847,bA,2.17,14.412,>14.412,99.990,6.122,1.250,g
2460384.91245,2024-03-15.4128157,bi,1.96,16.067,15.663,0.151,1.972,0.272,g
2460385.87404,2024-03-16.3743140,bi,1.53,17.072,15.936,0.077,1.533,0.108,g
2460385.87526,2024-03-16.3755373,bi,1.52,17.014,15.793,0.071,1.749,0.114,g
2460385.87649,2024-03-16.3767591,bi,1.43,17.020,15.806,0.072,1.729,0.113,g
2460386.86581,2024-03-17.3659956,bE,1.48,17.042,15.980,0.082,1.472,0.111,g
2460386.86705,2024-03-17.3672333,bE,1.42,17.223,16.042,0.074,1.390,0.094,g
2460386.86828,2024-03-17.3684710,bE,1.43,17.132,15.928,0.072,1.544,0.102,g
2460391.14354,2024-03-21.6433341,bA,2.01,17.047,15.734,0.065,1.847,0.110,g
2460391.14477,2024-03-21.6445666,bA,2.03,17.009,16.245,0.109,1.153,0.114,g
2460391.14600,2024-03-21.6457899,bA,2.03,16.888,16.444,0.146,0.961,0.128,g
2460394.84259,2024-03-25.3420545,bi,2.01,15.967,>15.967,99.990,0.957,0.298,g
2460394.84383,2024-03-25.3432950,bi,1.89,15.921,>15.921,99.990,0.599,0.311,g
2460394.84506,2024-03-25.3445206,bi,1.42,15.941,>15.941,99.990,1.227,0.305,g
2460396.14127,2024-03-26.6406090,bA,2.05,16.232,>16.232,99.990,0.709,0.233,g
2460396.14251,2024-03-26.6418531,bA,2.07,16.313,>16.313,99.990,0.202,0.217,g
2460396.14376,2024-03-26.6430973,bA,2.06,16.305,>16.305,99.990,0.674,0.218,g
2460396.81440,2024-03-27.3136923,bi,1.56,16.112,>16.112,99.990,-0.382,0.261,g
2460396.81563,2024-03-27.3149253,bi,1.97,16.015,>16.015,99.990,0.213,0.285,g
2460396.81686,2024-03-27.3161486,bi,1.92,16.080,>16.080,99.990,0.448,0.269,g
2460398.83963,2024-03-29.3387361,bE,1.53,16.396,>16.396,99.990,0.338,0.201,g
2460398.84087,2024-03-29.3399775,bE,1.51,16.568,>16.568,99.990,0.471,0.171,g
2460398.84211,2024-03-29.3412171,bE,1.45,16.636,>16.636,99.990,0.696,0.161,g
2460399.83893,2024-03-30.3379446,bi,1.34,16.506,>16.506,99.990,0.325,0.181,g
2460399.84017,2024-03-30.3391783,bi,1.47,16.281,>16.281,99.990,0.416,0.223,g
2460399.84139,2024-03-30.3404060,bi,1.36,16.164,>16.164,99.990,0.173,0.248,g
2460400.89681,2024-03-31.3957407,bE,1.46,16.756,>16.756,99.990,0.488,0.144,g
2460400.89806,2024-03-31.3969880,bE,1.46,16.656,>16.656,99.990,0.703,0.158,g
2460400.89929,2024-03-31.3982177,bE,1.44,16.732,>16.732,99.990,0.453,0.147,g
2460401.91895,2024-04-01.4177752,bi,1.41,16.035,>16.035,99.990,0.840,0.280,g
2460401.92017,2024-04-01.4189987,bi,1.46,15.900,>15.900,99.990,0.360,0.317,g
2460401.92139,2024-04-01.4202184,bi,1.90,15.733,>15.733,99.990,0.007,0.370,g
2460416.86459,2024-04-16.3621575,bi,1.42,17.081,>17.081,99.990,0.261,0.107,g
2460417.76097,2024-04-17.2584719,bE,1.51,17.185,17.179,0.218,0.488,0.097,g
2460417.76220,2024-04-17.2597030,bE,1.53,17.226,>17.226,99.990,0.439,0.093,g
2460417.76344,2024-04-17.2609430,bE,1.62,17.142,16.916,0.178,0.622,0.101,g
2460418.86334,2024-04-18.3607472,bi,1.44,17.115,>17.115,99.990,0.378,0.104,g
2460419.89140,2024-04-19.3887334,bi,1.45,17.200,>17.200,99.990,0.386,0.096,g
2460419.89264,2024-04-19.3899717,bi,1.40,17.105,>17.105,99.990,0.429,0.105,g
2460419.89387,2024-04-19.3912008,bi,1.44,17.164,16.861,0.166,0.654,0.099,g
2460423.07145,2024-04-22.5685276,bA,2.13,16.191,>16.191,99.990,0.479,0.243,g
2460423.07270,2024-04-22.5697798,bA,2.11,16.421,>16.421,99.990,0.522,0.196,g
2460423.07395,2024-04-22.5710320,bA,2.14,16.532,16.464,0.206,0.943,0.177,g
2460423.74407,2024-04-23.2411111,bi,2.30,15.956,>15.956,99.990,0.068,0.301,g
2460423.74529,2024-04-23.2423289,bi,2.29,15.887,>15.887,99.990,0.574,0.321,g
2460423.74652,2024-04-23.2435567,bi,2.28,15.936,>15.936,99.990,0.118,0.307,g
2460424.74958,2024-04-24.2465390,bi,1.39,15.931,>15.931,99.990,1.041,0.308,g
2460424.75081,2024-04-24.2477753,bi,1.40,15.877,>15.877,99.990,0.315,0.324,g
2460424.75205,2024-04-24.2490101,bi,1.37,15.757,>15.757,99.990,1.542,0.362,g
2460425.76217,2024-04-25.2590489,bi,1.45,16.055,>16.055,99.990,0.330,0.275,g
2460425.76341,2024-04-25.2602903,bi,1.49,16.050,>16.050,99.990,0.517,0.276,g
2460425.76462,2024-04-25.2615123,bi,1.54,16.127,>16.127,99.990,0.088,0.257,g
2460428.50910,2024-04-28.0057899,bm,1.93,15.201,>15.201,99.990,2.698,0.604,g
2460428.70701,2024-04-28.2036817,bE,1.44,15.914,>15.914,99.990,0.409,0.313,g
2460428.70826,2024-04-28.2049276,bE,1.48,16.005,>16.005,99.990,0.559,0.288,g
2460428.70949,2024-04-28.2061609,bE,1.39,16.065,>16.065,99.990,1.038,0.272,g
2460429.79707,2024-04-29.2936709,bq,1.57,16.532,16.402,0.195,0.998,0.177,g
2460429.79829,2024-04-29.2948952,bq,1.48,16.550,16.139,0.150,1.272,0.174,g
2460429.79953,2024-04-29.2961290,bq,1.40,16.558,16.107,0.145,1.309,0.173,g
2460431.94628,2024-05-01.4427450,bq,1.50,16.788,16.150,0.122,1.259,0.140,g
2460431.94751,2024-05-01.4439645,bq,1.50,16.740,16.163,0.129,1.243,0.146,g
2460431.94873,2024-05-01.4451895,bq,1.51,16.767,16.304,0.143,1.092,0.143,g
2460432.78582,2024-05-02.2822215,bi,1.48,16.720,16.359,0.157,1.038,0.149,g
2460432.78705,2024-05-02.2834469,bi,1.46,16.735,16.311,0.148,1.085,0.147,g
2460432.78828,2024-05-02.2846783,bi,1.55,16.602,16.232,0.156,1.167,0.166,g
2460433.79739,2024-05-03.2937151,bE,1.51,17.174,16.150,0.085,1.259,0.098,g
2460433.79862,2024-05-03.2949541,bE,1.41,17.029,16.073,0.091,1.352,0.112,g
2460433.79987,2024-05-03.2962057,bE,1.47,16.988,16.004,0.089,1.440,0.116,g
2460434.84203,2024-05-04.3382888,bE,1.55,17.118,16.103,0.086,1.315,0.103,g
2460434.84326,2024-05-04.3395195,bE,1.50,17.166,15.997,0.075,1.449,0.099,g
2460434.84450,2024-05-04.3407562,bE,1.45,17.166,16.122,0.084,1.291,0.099,g
2460436.77122,2024-05-06.2673626,bq,1.54,16.897,15.809,0.080,1.724,0.127,g
2460436.77245,2024-05-06.2685893,bq,1.50,16.792,15.843,0.091,1.671,0.139,g
2460436.77368,2024-05-06.2698181,bq,1.41,16.902,16.129,0.108,1.283,0.126,g
2460437.82879,2024-05-07.3248673,bq,1.49,17.068,15.753,0.065,1.816,0.108,g
2460437.83001,2024-05-07.3260848,bq,1.51,17.077,15.985,0.080,1.466,0.107,g
2460437.83123,2024-05-07.3273030,bq,1.48,17.159,15.849,0.065,1.662,0.099,g
2460438.89133,2024-05-08.3873343,bq,1.52,17.136,15.755,0.061,1.812,0.102,g
2460438.89253,2024-05-08.3885508,bq,1.52,17.176,15.791,0.061,1.751,0.098,g
2460438.89375,2024-05-08.3897670,bq,1.50,17.171,15.865,0.066,1.636,0.098,g
2460439.87780,2024-05-09.3737475,bi,1.37,16.132,15.613,0.136,2.065,0.256,g
2460439.87902,2024-05-09.3749753,bi,1.39,16.272,15.530,0.111,2.229,0.225,g
2460439.88025,2024-05-09.3762090,bi,1.41,16.595,15.629,0.090,2.034,0.167,g
2460440.88494,2024-05-10.3808331,bq,1.46,16.976,15.769,0.072,1.787,0.118,g
2460440.88617,2024-05-10.3820663,bq,1.43,17.047,15.716,0.064,1.876,0.110,g
2460440.88739,2024-05-10.3832922,bq,1.47,17.227,15.713,0.054,1.882,0.094,g
2460442.83099,2024-05-12.3267811,bi,1.48,16.669,15.496,0.074,2.299,0.156,g
2460442.83099,2024-05-12.3267807,bj,1.58,16.762,15.623,0.077,2.045,0.143,g
2460442.83221,2024-05-12.3280008,bi,1.45,16.822,15.511,0.065,2.267,0.136,g
2460442.83344,2024-05-12.3292263,bi,1.43,16.742,15.460,0.067,2.376,0.146,g
2460442.83344,2024-05-12.3292263,bj,1.58,16.710,15.643,0.082,2.009,0.150,g
2460443.83651,2024-05-13.3322501,bE,2.04,16.749,15.590,0.075,2.109,0.145,g
2460443.83901,2024-05-13.3347458,bE,2.05,16.905,15.491,0.060,2.310,0.126,g
2460444.66829,2024-05-14.1639908,bE,1.77,99.990,99.990,99.990,99.990,99.990,g
2460444.66955,2024-05-14.1652347,bE,1.55,99.990,99.990,99.990,99.990,99.990,g
2460444.67079,2024-05-14.1664743,bE,1.68,99.990,99.990,99.990,99.990,99.990,g
2460444.77932,2024-05-14.2750063,bE,1.91,99.990,99.990,99.990,99.990,99.990,g
2460444.78057,2024-05-14.2762488,bE,2.31,99.990,99.990,99.990,99.990,99.990,g
2460444.78182,2024-05-14.2774991,bE,1.73,99.990,99.990,99.990,99.990,99.990,g
2460444.88316,2024-05-14.3788413,bq,1.39,17.017,15.390,0.049,2.537,0.113,g
2460444.88439,2024-05-14.3800689,bq,1.39,17.063,15.428,0.048,2.449,0.109,g
2460444.88561,2024-05-14.3812887,bq,1.39,17.016,15.363,0.048,2.600,0.114,g
2460446.80149,2024-05-16.2970712,bE,1.55,16.741,15.318,0.059,2.708,0.146,g
2460446.80274,2024-05-16.2983244,bE,1.58,16.872,15.221,0.048,2.961,0.130,g
2460446.80399,2024-05-16.2995754,bE,1.53,16.412,15.375,0.084,2.572,0.198,g
2460448.42684,2024-05-17.9223479,bm,1.47,16.053,15.191,0.099,3.047,0.276,g
2460448.42808,2024-05-17.9235842,bm,1.51,16.138,15.194,0.092,3.037,0.255,g
2460448.42931,2024-05-17.9248153,bm,1.48,16.348,15.227,0.078,2.945,0.210,g
2460449.45136,2024-05-18.9468092,bm,1.49,16.312,15.158,0.076,3.139,0.217,g
2460449.45279,2024-05-18.9482385,bm,1.48,16.299,15.230,0.082,2.938,0.220,g
2460449.45411,2024-05-18.9495565,bm,1.56,16.363,15.018,0.063,3.572,0.207,g
2460450.73903,2024-05-20.2344194,bq,1.51,16.127,15.183,0.092,3.068,0.257,g
2460450.74026,2024-05-20.2356503,bq,1.42,16.135,15.176,0.091,3.088,0.256,g
2460450.74148,2024-05-20.2368804,bq,1.57,16.234,15.149,0.081,3.166,0.233,g
2460454.65324,2024-05-24.1484700,bi,1.61,15.572,15.209,0.157,2.995,0.429,g
2460454.65447,2024-05-24.1496998,bi,1.59,15.600,15.207,0.153,2.998,0.418,g
2460454.65570,2024-05-24.1509299,bi,1.53,15.563,15.141,0.149,3.187,0.433,g
2460456.71901,2024-05-26.2141631,bi,1.52,16.015,14.989,0.085,3.666,0.286,g
2460456.72025,2024-05-26.2154017,bi,1.44,15.998,14.803,0.073,4.355,0.290,g
2460456.72148,2024-05-26.2166410,bi,1.46,15.877,14.808,0.082,4.332,0.324,g
2460457.72893,2024-05-27.2240418,bi,1.50,16.181,14.848,0.064,4.176,0.245,g
2460457.73016,2024-05-27.2252731,bi,1.55,16.131,14.788,0.064,4.412,0.256,g
2460457.73138,2024-05-27.2265049,bi,1.52,16.155,14.822,0.064,4.281,0.251,g
2460458.83894,2024-05-28.3340149,bq,1.54,14.607,14.591,0.218,5.291,1.054,g
2460458.84017,2024-05-28.3352442,bq,1.43,14.828,>14.828,99.990,3.526,0.855,g
2460458.84140,2024-05-28.3364718,bq,1.56,15.641,14.907,0.112,3.958,0.405,g
2460461.95572,2024-05-31.4506947,bA,2.05,17.013,14.676,0.025,4.890,0.115,g
2460461.95697,2024-05-31.4519461,bA,2.04,17.046,14.695,0.025,4.811,0.111,g
2460461.95822,2024-05-31.4531906,bA,2.05,17.011,14.715,0.026,4.718,0.115,g
2460462.61850,2024-06-01.1134604,bi,1.71,16.538,14.792,0.044,4.397,0.177,g
2460462.61973,2024-06-01.1146859,bi,1.73,16.638,14.721,0.037,4.696,0.161,g
2460462.62095,2024-06-01.1159112,bi,1.79,16.561,14.715,0.040,4.721,0.173,g
2460463.01908,2024-06-01.5140208,bA,2.10,16.953,14.678,0.027,4.883,0.121,g
2460463.02032,2024-06-01.5152583,bA,2.09,16.938,14.644,0.026,5.036,0.123,g
2460463.02156,2024-06-01.5164990,bA,2.09,16.997,14.714,0.027,4.725,0.116,g
2460463.64906,2024-06-02.1439939,bE,1.48,16.408,14.642,0.043,5.048,0.199,g
2460463.65030,2024-06-02.1452375,bE,1.49,15.525,14.773,0.111,4.478,0.454,g
2460463.65154,2024-06-02.1464737,bE,1.42,16.431,14.668,0.043,4.931,0.195,g
2460464.00075,2024-06-02.4956620,bA,2.02,16.951,14.626,0.026,5.122,0.121,g
2460464.00199,2024-06-02.4969076,bA,2.03,17.009,14.660,0.025,4.967,0.115,g
2460464.00323,2024-06-02.4981462,bA,2.01,17.007,14.642,0.025,5.051,0.115,g
2460464.68308,2024-06-03.1779843,bE,1.40,16.863,14.642,0.028,5.051,0.132,g
2460464.68432,2024-06-03.1792267,bE,1.52,16.867,14.648,0.028,5.025,0.131,g
2460464.68556,2024-06-03.1804594,bE,1.48,16.849,14.624,0.028,5.136,0.134,g
2460465.02272,2024-06-03.5176122,bA,2.07,16.925,14.653,0.027,4.996,0.124,g
2460465.02396,2024-06-03.5188459,bA,2.05,16.965,14.627,0.025,5.120,0.120,g
2460465.02520,2024-06-03.5200936,bA,2.06,17.002,14.593,0.024,5.280,0.116,g
2460465.94843,2024-06-04.4433031,bA,2.43,16.667,14.613,0.033,5.184,0.157,g
2460465.94968,2024-06-04.4445452,bA,2.42,16.667,14.595,0.032,5.275,0.157,g
2460465.95092,2024-06-04.4457944,bA,2.27,16.825,14.546,0.027,5.518,0.136,g
2460466.91940,2024-06-05.4142438,bA,2.05,16.913,14.580,0.025,5.349,0.126,g
2460466.92065,2024-06-05.4154905,bA,2.03,17.036,14.587,0.023,5.313,0.112,g
2460466.92188,2024-06-05.4167277,bA,2.06,16.910,14.573,0.025,5.382,0.126,g
2460468.03329,2024-06-06.5281262,bA,2.00,17.020,14.569,0.023,5.400,0.114,g
2460468.03456,2024-06-06.5293879,bA,2.00,16.956,14.602,0.025,5.239,0.121,g
2460468.03580,2024-06-06.530625,bA,2.00,16.915,14.555,0.025,5.467,0.125,g
2460468.67123,2024-06-07.1660439,bE,1.41,16.957,14.516,0.023,5.671,0.121,g
2460468.67247,2024-06-07.1672868,bE,1.43,16.988,14.567,0.023,5.413,0.118,g
2460468.67372,2024-06-07.1685354,bE,1.46,16.967,14.537,0.023,5.564,0.120,g
2460469.01739,2024-06-07.5121946,bA,2.00,16.953,14.546,0.024,5.517,0.121,g
2460469.01865,2024-06-07.5134541,bA,2.01,16.953,14.536,0.024,5.567,0.121,g
2460469.01993,2024-06-07.5147324,bA,2.01,16.936,14.556,0.024,5.466,0.124,g
2460470.01731,2024-06-08.5120957,bA,2.07,16.931,14.569,0.025,5.401,0.124,g
2460470.01857,2024-06-08.5133587,bA,2.06,16.960,14.566,0.024,5.417,0.120,g
2460470.01983,2024-06-08.5146123,bA,2.07,17.038,14.569,0.022,5.402,0.112,g
2460470.91169,2024-06-09.4064736,bA,2.18,16.877,14.591,0.027,5.293,0.130,g
2460470.91296,2024-06-09.4077284,bA,2.15,16.888,14.554,0.025,5.476,0.128,g
2460470.91419,2024-06-09.4089620,bA,2.17,16.951,14.543,0.024,5.530,0.121,g
2460471.35659,2024-06-09.8513541,bm,1.49,16.622,14.508,0.031,5.712,0.164,g
2460471.35783,2024-06-09.8525912,bm,1.52,16.711,14.502,0.029,5.744,0.151,g
2460471.35906,2024-06-09.8538179,bm,1.55,16.640,14.517,0.031,5.662,0.161,g
2460472.45452,2024-06-10.9492651,bm,1.96,16.383,14.467,0.037,5.931,0.204,g
2460472.45583,2024-06-10.9505787,bm,1.64,16.181,14.565,0.049,5.423,0.245,g
2460472.45708,2024-06-10.9518277,bm,1.61,15.995,14.443,0.052,6.062,0.291,g
2460473.01124,2024-06-11.5059753,bA,2.40,16.940,14.559,0.024,5.448,0.123,g
2460473.01250,2024-06-11.5072370,bA,2.37,16.942,14.564,0.024,5.427,0.122,g
2460473.01374,2024-06-11.5084774,bA,2.38,17.020,14.512,0.022,5.693,0.114,g
2460473.66932,2024-06-12.1640592,bE,1.51,16.910,14.524,0.024,5.629,0.126,g
2460473.67057,2024-06-12.1653059,bE,1.51,16.937,14.544,0.024,5.528,0.123,g
2460473.67181,2024-06-12.1665482,bE,1.47,16.898,14.508,0.024,5.714,0.127,g
2460473.82506,2024-06-12.3197812,bA,2.05,16.771,14.495,0.027,5.781,0.143,g
2460473.82631,2024-06-12.3210339,bA,2.06,16.800,14.512,0.027,5.689,0.139,g
2460473.82754,2024-06-12.3222709,bA,2.03,16.791,14.550,0.028,5.498,0.140,g
2460474.37464,2024-06-12.8693668,bm,2.13,16.520,14.502,0.034,5.748,0.180,g
2460474.37586,2024-06-12.8705896,bm,2.14,16.543,14.494,0.033,5.785,0.176,g
2460474.37709,2024-06-12.8718150,bm,2.12,16.507,14.585,0.037,5.323,0.182,g
2460474.81012,2024-06-13.3048312,bA,2.09,16.758,14.501,0.027,5.749,0.145,g
2460474.81135,2024-06-13.3060694,bA,2.08,16.776,14.558,0.028,5.453,0.142,g
2460474.81258,2024-06-13.3072994,bA,2.09,16.695,14.551,0.030,5.490,0.153,g
2460475.34089,2024-06-13.8356107,bm,1.51,16.412,14.503,0.038,5.740,0.199,g
2460475.34212,2024-06-13.8368340,bm,1.50,16.418,14.517,0.038,5.664,0.197,g
2460475.34337,2024-06-13.8380873,bm,1.48,16.447,14.632,0.041,5.095,0.192,g
2460475.80658,2024-06-14.3012987,bA,2.05,16.586,14.532,0.033,5.587,0.169,g
2460475.80783,2024-06-14.3025440,bA,2.03,16.571,14.477,0.032,5.882,0.172,g
2460475.80909,2024-06-14.3037974,bA,2.04,16.471,14.545,0.037,5.525,0.188,g
2460476.34728,2024-06-14.8419883,bm,1.50,16.276,14.480,0.042,5.864,0.225,g
2460476.34852,2024-06-14.8432302,bm,1.50,16.355,14.501,0.040,5.750,0.209,g
2460476.34985,2024-06-14.8445576,bm,1.50,16.242,14.530,0.045,5.599,0.232,g
2460476.80319,2024-06-15.2978942,bA,2.12,16.577,14.550,0.034,5.495,0.171,g
2460476.80444,2024-06-15.2991488,bA,2.10,16.542,14.491,0.033,5.803,0.176,g
2460476.80569,2024-06-15.3003952,bA,2.11,16.558,14.486,0.032,5.833,0.174,g
2460477.35223,2024-06-15.8469280,bm,1.53,15.874,14.655,0.071,4.989,0.326,g
2460477.35345,2024-06-15.8481416,bm,1.46,15.958,14.525,0.058,5.623,0.302,g
2460477.35468,2024-06-15.8493759,bm,1.49,16.334,14.584,0.044,5.327,0.213,g
2460477.81077,2024-06-16.3054629,bA,2.05,16.508,14.477,0.034,5.875,0.182,g
2460477.81201,2024-06-16.3066997,bA,2.10,16.332,14.542,0.042,5.534,0.214,g
2460477.81325,2024-06-16.3079460,bA,2.02,16.541,14.512,0.034,5.695,0.177,g
2460478.49688,2024-06-16.9915633,bm,1.47,16.315,14.555,0.043,5.472,0.217,g
2460478.49810,2024-06-16.9927888,bm,1.57,16.232,14.502,0.044,5.745,0.234,g
2460478.49934,2024-06-16.9940283,bm,1.57,16.293,14.566,0.045,5.418,0.221,g
2460478.81514,2024-06-17.3098222,bA,2.17,16.331,14.562,0.043,5.436,0.214,g
2460478.81639,2024-06-17.3110731,bA,2.18,16.348,14.592,0.044,5.285,0.211,g
2460478.81763,2024-06-17.3123172,bA,2.17,16.273,14.496,0.043,5.775,0.226,g
2460479.85106,2024-06-18.3457384,bA,2.27,14.920,14.582,0.161,5.339,0.783,g
2460479.85353,2024-06-18.3482092,bA,2.41,15.601,14.623,0.089,5.137,0.419,g
2460480.84178,2024-06-19.3364652,bA,2.07,16.150,14.492,0.048,5.798,0.253,g
2460480.84302,2024-06-19.3377116,bA,2.12,16.108,14.533,0.051,5.583,0.262,g
2460480.84428,2024-06-19.3389578,bA,2.10,16.127,14.505,0.049,5.728,0.258,g
2460481.88603,2024-06-20.3807111,bA,2.15,16.017,14.451,0.052,6.019,0.285,g
2460481.88727,2024-06-20.3819519,bA,2.28,15.933,14.564,0.062,5.424,0.308,g
2460484.90668,2024-06-23.4013671,bA,2.15,15.957,14.447,0.055,6.043,0.302,g
2460484.90793,2024-06-23.4026162,bA,2.11,15.908,14.545,0.062,5.521,0.316,g
2460484.90918,2024-06-23.4038660,bA,2.18,15.987,14.595,0.061,5.276,0.293,g
2460485.47238,2024-06-23.9670817,bm,2.02,15.237,14.553,0.117,5.477,0.585,g
2460485.47365,2024-06-23.9683364,bm,1.95,15.184,14.830,0.158,4.246,0.614,g
2460485.47489,2024-06-23.9695775,bm,1.99,15.303,14.597,0.115,5.264,0.550,g
2460485.91173,2024-06-24.4064288,bA,2.20,16.125,14.473,0.048,5.902,0.259,g
2460485.91424,2024-06-24.4089391,bA,2.22,16.027,14.523,0.055,5.637,0.283,g
2460486.42518,2024-06-24.9198799,bm,1.96,15.883,14.405,0.056,6.279,0.323,g
2460486.42641,2024-06-24.9211067,bm,1.96,15.953,14.538,0.059,5.560,0.303,g
2460486.42763,2024-06-24.9223241,bm,1.96,15.873,14.463,0.060,5.953,0.326,g
2460486.98697,2024-06-25.4816775,bA,2.25,16.256,14.505,0.044,5.730,0.229,g
2460486.98822,2024-06-25.4829204,bA,2.27,16.235,14.603,0.049,5.236,0.233,g
2460486.98947,2024-06-25.4841680,bA,2.26,16.309,14.601,0.045,5.241,0.218,g
2460487.45162,2024-06-25.9463189,bm,1.66,16.192,14.482,0.045,5.851,0.243,g
2460487.45284,2024-06-25.9475555,bm,1.58,16.136,14.601,0.053,5.244,0.255,g
2460487.45411,2024-06-25.9488138,bm,1.54,16.143,14.626,0.054,5.125,0.254,g
2460487.99436,2024-06-26.4890667,bA,2.02,16.498,14.521,0.035,5.648,0.184,g
2460487.99560,2024-06-26.4903099,bA,2.04,16.428,14.546,0.039,5.514,0.196,g
2460487.99685,2024-06-26.4915611,bA,2.05,16.417,14.574,0.040,5.376,0.198,g
2460488.50054,2024-06-26.9952608,bm,1.56,16.303,14.595,0.045,5.273,0.219,g
2460488.50175,2024-06-26.9964737,bm,1.59,16.265,14.561,0.046,5.441,0.227,g
2460488.50299,2024-06-26.9977085,bm,1.60,16.381,14.535,0.040,5.573,0.204,g
2460489.01110,2024-06-27.5058247,bA,2.10,16.505,14.570,0.037,5.392,0.182,g
2460489.01234,2024-06-27.5070666,bA,2.07,16.533,14.572,0.036,5.384,0.178,g
2460489.01359,2024-06-27.5083120,bA,2.08,16.545,14.555,0.035,5.472,0.176,g
2460489.47678,2024-06-27.9714989,bm,2.06,16.288,14.584,0.046,5.327,0.222,g
2460489.47800,2024-06-27.9727348,bm,2.07,16.196,14.554,0.048,5.471,0.242,g
2460489.47923,2024-06-27.9739648,bm,2.06,16.147,14.567,0.051,5.408,0.253,g
2460489.58624,2024-06-28.0809711,bi,1.50,99.990,99.990,99.990,99.990,99.990,g
2460489.58747,2024-06-28.0822012,bi,1.54,99.990,99.990,99.990,99.990,99.990,g
2460489.58868,2024-06-28.0834179,bi,1.44,99.990,99.990,99.990,99.990,99.990,g
2460490.62528,2024-06-29.1200312,bE,1.48,16.899,14.505,0.024,5.727,0.127,g
2460490.62654,2024-06-29.1212799,bE,1.44,16.872,14.525,0.025,5.621,0.130,g
2460490.62778,2024-06-29.1225215,bE,1.39,16.886,14.533,0.025,5.585,0.129,g
2460491.52629,2024-06-30.0210449,bE,1.49,16.791,14.579,0.028,5.351,0.142,g
2460491.52753,2024-06-30.0222812,bE,1.51,16.798,14.541,0.027,5.544,0.141,g
2460491.52877,2024-06-30.0235248,bE,1.54,16.868,14.508,0.025,5.711,0.132,g
2460491.59509,2024-06-30.0898406,bE,1.45,16.951,14.548,0.024,5.507,0.122,g
2460491.59633,2024-06-30.0910806,bE,1.48,16.952,14.531,0.023,5.588,0.123,g
2460491.59757,2024-06-30.0923281,bE,1.52,16.897,14.543,0.025,5.531,0.129,g
2460491.76738,2024-06-30.2621303,bA,1.98,16.817,14.501,0.026,5.746,0.137,g
2460491.76863,2024-06-30.2633803,bA,2.00,16.798,14.495,0.026,5.783,0.140,g
2460491.76988,2024-06-30.2646314,bA,2.01,16.810,14.470,0.025,5.913,0.138,g
2460492.52270,2024-07-01.0174649,bi,1.46,16.370,14.504,0.039,5.735,0.207,g
2460492.52393,2024-07-01.0186927,bi,1.52,16.427,14.617,0.041,5.165,0.196,g
2460492.52516,2024-07-01.0199215,bi,1.46,16.327,14.508,0.041,5.710,0.215,g
2460492.91906,2024-07-01.4138380,bA,2.11,16.901,14.502,0.024,5.747,0.128,g
2460492.92030,2024-07-01.4150784,bA,2.12,16.955,14.540,0.024,5.547,0.121,g
2460492.92154,2024-07-01.4163156,bA,2.12,16.967,14.552,0.024,5.482,0.120,g
2460493.46808,2024-07-01.9628736,bm,2.04,16.661,14.461,0.029,5.962,0.158,g
2460493.46932,2024-07-01.9641035,bm,2.02,16.538,14.468,0.032,5.930,0.177,g
2460493.47056,2024-07-01.9653479,bm,2.04,16.542,14.519,0.034,5.655,0.176,g
2460493.72776,2024-07-02.2225449,bE,1.46,16.844,14.540,0.026,5.547,0.134,g
2460493.72900,2024-07-02.2237827,bE,1.51,16.936,14.486,0.023,5.832,0.123,g
2460493.73023,2024-07-02.2250218,bE,1.53,16.896,14.537,0.025,5.564,0.128,g
2460493.93003,2024-07-02.4248204,bA,2.03,17.054,14.526,0.021,5.618,0.111,g
2460493.93127,2024-07-02.4260623,bA,2.00,17.030,14.481,0.021,5.856,0.113,g
2460493.93251,2024-07-02.4273040,bA,2.02,16.952,14.533,0.024,5.580,0.121,g
2460495.69528,2024-07-04.1901092,bE,1.54,16.813,14.534,0.027,5.576,0.138,g
2460495.69652,2024-07-04.1913508,bE,1.43,16.860,14.510,0.025,5.702,0.132,g
2460495.69776,2024-07-04.1925886,bE,1.43,16.817,14.516,0.026,5.667,0.137,g
2460496.55004,2024-07-05.0448883,bi,1.41,15.152,14.409,0.112,6.259,0.643,g
2460496.55126,2024-07-05.0461090,bi,1.38,15.551,13.515,0.035,14.259,0.459,g
2460496.55249,2024-07-05.0473356,bi,1.44,16.067,14.609,0.058,5.206,0.275,g
2460496.97786,2024-07-05.4727062,bA,2.12,16.939,14.514,0.023,5.681,0.123,g
2460496.97909,2024-07-05.4739410,bA,2.08,16.911,14.553,0.025,5.485,0.126,g
2460496.98033,2024-07-05.4751769,bA,2.12,16.941,14.523,0.024,5.636,0.123,g
2460497.91058,2024-07-06.4054603,bA,2.04,16.945,14.564,0.024,5.427,0.122,g
2460497.91183,2024-07-06.4067034,bA,2.04,16.921,14.515,0.024,5.673,0.125,g
2460497.91308,2024-07-06.4079567,bA,2.07,17.019,14.529,0.022,5.604,0.114,g
2460498.89958,2024-07-07.3944809,bA,2.04,17.036,14.565,0.022,5.418,0.112,g
2460498.90084,2024-07-07.3957333,bA,2.02,16.952,14.499,0.023,5.759,0.122,g
2460498.90207,2024-07-07.3969726,bA,2.02,16.921,14.530,0.024,5.599,0.125,g
2460499.84984,2024-07-08.3447581,bA,2.34,16.975,14.524,0.023,5.628,0.119,g
2460499.85108,2024-07-08.3459960,bA,2.22,16.974,14.560,0.024,5.444,0.119,g
2460499.85232,2024-07-08.3472462,bA,2.20,16.969,14.527,0.023,5.614,0.119,g
2460500.54726,2024-07-09.0422067,bE,1.50,16.800,14.546,0.027,5.518,0.139,g
2460500.70648,2024-07-09.2014377,bi,1.48,16.573,14.525,0.033,5.625,0.171,g
2460500.70771,2024-07-09.2026596,bi,1.44,16.507,14.429,0.032,6.140,0.182,g
2460500.70894,2024-07-09.2038945,bi,1.44,16.459,14.518,0.037,5.660,0.190,g
2460502.55500,2024-07-11.0500012,bi,1.53,16.423,14.557,0.039,5.464,0.197,g
2460502.55622,2024-07-11.0512187,bi,1.52,16.529,14.526,0.035,5.616,0.178,g
2460502.55743,2024-07-11.0524418,bi,1.52,16.432,14.572,0.039,5.385,0.195,g
2460503.48777,2024-07-11.9828067,bE,1.48,16.657,14.507,0.030,5.717,0.159,g
2460503.48900,2024-07-11.9840396,bE,1.50,16.665,14.500,0.030,5.752,0.158,g
2460503.49024,2024-07-11.9852822,bE,1.51,16.674,14.525,0.030,5.626,0.157,g
2460503.81287,2024-07-12.3079096,bq,1.50,16.858,14.594,0.027,5.279,0.132,g
2460503.81409,2024-07-12.3091269,bq,1.55,16.757,14.573,0.029,5.379,0.145,g
2460503.81531,2024-07-12.3103457,bq,1.59,16.808,14.498,0.026,5.766,0.139,g
2460504.59748,2024-07-13.0925505,bE,1.48,16.794,14.504,0.027,5.731,0.140,g
2460504.59872,2024-07-13.0937886,bE,1.43,16.883,14.535,0.025,5.575,0.129,g
2460504.59996,2024-07-13.0950266,bE,1.49,16.833,14.560,0.027,5.446,0.135,g
2460505.78053,2024-07-14.2756333,bA,2.10,16.599,14.567,0.034,5.411,0.167,g
2460505.78178,2024-07-14.2768844,bA,2.13,16.705,14.546,0.030,5.516,0.152,g
2460505.78303,2024-07-14.2781355,bA,2.12,16.657,14.553,0.032,5.480,0.159,g
2460507.50910,2024-07-16.0042731,bi,1.44,16.129,14.474,0.048,5.890,0.258,g
2460507.51035,2024-07-16.0055173,bi,1.48,16.091,14.593,0.055,5.280,0.267,g
2460507.51158,2024-07-16.0067545,bi,1.45,16.086,14.541,0.053,5.538,0.268,g
2460507.85240,2024-07-16.3475840,bA,2.32,16.565,14.530,0.034,5.599,0.173,g
2460507.85366,2024-07-16.3488378,bA,2.46,16.360,14.566,0.042,5.415,0.208,g
2460507.85489,2024-07-16.3500724,bA,2.18,16.518,14.571,0.036,5.390,0.180,g
2460508.83486,2024-07-17.3300732,bq,1.53,16.432,14.608,0.041,5.206,0.195,g
2460508.83610,2024-07-17.3313137,bq,1.50,16.493,14.582,0.038,5.337,0.184,g
2460508.83732,2024-07-17.3325402,bq,1.46,16.503,14.574,0.037,5.377,0.183,g
2460510.52384,2024-07-19.0191356,bi,1.48,15.800,14.623,0.074,5.137,0.348,g
2460510.52507,2024-07-19.0203630,bi,1.43,15.780,14.574,0.072,5.379,0.355,g
2460510.52630,2024-07-19.0215908,bi,1.52,15.816,14.468,0.063,5.925,0.343,g
2460510.54372,2024-07-19.0390123,bi,1.51,15.733,14.458,0.068,5.983,0.370,g
2460510.54495,2024-07-19.0402447,bi,1.62,15.755,14.539,0.071,5.552,0.363,g
2460510.54618,2024-07-19.0414709,bi,1.50,15.740,14.541,0.073,5.540,0.368,g